rank,fold,test_n,test_pos,prevalence,model,seed,auroc,ap,repeat_seed
Species,0,5468,317,0.057973664959765914,mean_nll,-1,0.4995272119529637,0.05556752842458994,42
Species,0,5468,317,0.057973664959765914,std_nll,-1,0.5986501043869463,0.0877165015426385,42
Species,0,5468,317,0.057973664959765914,logistic_profile,-1,0.5974130164918514,0.07799012756700954,42
Species,1,5473,317,0.05792070162616481,mean_nll,-1,0.48095141368483135,0.05146072221809369,42
Species,1,5473,317,0.05792070162616481,std_nll,-1,0.57404683649321,0.08186506470655523,42
Species,1,5473,317,0.05792070162616481,logistic_profile,-1,0.6123930222484355,0.08787244094222993,42
Species,2,5493,318,0.05789186237028946,mean_nll,-1,0.49400783884787164,0.05198909312644219,42
Species,2,5493,318,0.05789186237028946,std_nll,-1,0.5983343967429283,0.08613705689862286,42
Species,2,5493,318,0.05789186237028946,logistic_profile,-1,0.600123963175645,0.08255591576504664,42
Species,3,5500,320,0.05818181818181818,mean_nll,-1,0.4768602195945945,0.05076190612513684,42
Species,3,5500,320,0.05818181818181818,std_nll,-1,0.59558458011583,0.0914887200407004,42
Species,3,5500,320,0.05818181818181818,logistic_profile,-1,0.5927328667953669,0.07920197112952582,42
Species,4,5306,310,0.058424425179042595,mean_nll,-1,0.4794958547483148,0.05186670258714282,42
Species,4,5306,310,0.058424425179042595,std_nll,-1,0.5643430873731243,0.07388373050804113,42
Species,4,5306,310,0.058424425179042595,logistic_profile,-1,0.6206739585216561,0.08593244701421696,42
Genus,0,5471,320,0.058490221166148784,mean_nll,-1,0.7564071296835567,0.1237219095000641,42
Genus,0,5471,320,0.058490221166148784,std_nll,-1,0.7592761114346729,0.21307471185146065,42
Genus,0,5471,320,0.058490221166148784,logistic_profile,-1,0.8142624005047564,0.29988416856639,42
Genus,1,5476,320,0.05843681519357195,mean_nll,-1,0.7256103326221877,0.1176825226338903,42
Genus,1,5476,320,0.05843681519357195,std_nll,-1,0.7607371872575639,0.2511272900415095,42
Genus,1,5476,320,0.05843681519357195,logistic_profile,-1,0.7734678044996122,0.1514802797718796,42
Genus,2,5495,320,0.05823475887170155,mean_nll,-1,0.7539444444444444,0.1141524083820714,42
Genus,2,5495,320,0.05823475887170155,std_nll,-1,0.7581316425120773,0.20279571297730872,42
Genus,2,5495,320,0.05823475887170155,logistic_profile,-1,0.8054184782608695,0.33654039763160387,42
Genus,3,5500,320,0.05818181818181818,mean_nll,-1,0.7253535231660232,0.11439364683383556,42
Genus,3,5500,320,0.05818181818181818,std_nll,-1,0.7775832528957529,0.26476293822990776,42
Genus,3,5500,320,0.05818181818181818,logistic_profile,-1,0.7823515926640926,0.2370585417297423,42
Genus,4,5306,310,0.058424425179042595,mean_nll,-1,0.7322600015496268,0.12596561177656435,42
Genus,4,5306,310,0.058424425179042595,std_nll,-1,0.7220705596735453,0.1851072700894581,42
Genus,4,5306,310,0.058424425179042595,logistic_profile,-1,0.7763165371006482,0.2952119395083615,42
Family,0,5471,320,0.058490221166148784,mean_nll,-1,0.8801664725296059,0.2736932434308141,42
Family,0,5471,320,0.058490221166148784,std_nll,-1,0.7409498762376238,0.24821492597420972,42
Family,0,5471,320,0.058490221166148784,logistic_profile,-1,0.9255065763929334,0.553093003744387,42
Family,1,5476,320,0.05843681519357195,mean_nll,-1,0.8543971828937161,0.27335894963336926,42
Family,1,5476,320,0.05843681519357195,std_nll,-1,0.6769716107447634,0.1994701370182746,42
Family,1,5476,320,0.05843681519357195,logistic_profile,-1,0.8790498933281613,0.2762161629325559,42
Family,2,5495,320,0.05823475887170155,mean_nll,-1,0.9079830917874396,0.37944044612398203,42
Family,2,5495,320,0.05823475887170155,std_nll,-1,0.7513037439613527,0.2164455369745845,42
Family,2,5495,320,0.05823475887170155,logistic_profile,-1,0.9368907004830918,0.6968402327330488,42
Family,3,5500,320,0.05818181818181818,mean_nll,-1,0.868549107142857,0.31126830323065136,42
Family,3,5500,320,0.05818181818181818,std_nll,-1,0.7065739623552123,0.20961822944537112,42
Family,3,5500,320,0.05818181818181818,logistic_profile,-1,0.9164750241312742,0.546282283166716,42
Family,4,5306,310,0.058424425179042595,mean_nll,-1,0.8877185619463311,0.3766573173709181,42
Family,4,5306,310,0.058424425179042595,std_nll,-1,0.6844643456700844,0.17421024993235046,42
Family,4,5306,310,0.058424425179042595,logistic_profile,-1,0.9144128205790438,0.6254681590359739,42
Order,0,5471,320,0.058490221166148784,mean_nll,-1,0.9433071248301301,0.49838728657615544,42
Order,0,5471,320,0.058490221166148784,std_nll,-1,0.6017875776548243,0.17352682251246543,42
Order,0,5471,320,0.058490221166148784,logistic_profile,-1,0.9753033391574452,0.8331412208028252,42
Order,1,5476,320,0.05843681519357195,mean_nll,-1,0.9402522546547711,0.5151095659677041,42
Order,1,5476,320,0.05843681519357195,std_nll,-1,0.5763930978471684,0.13609502072854907,42
Order,1,5476,320,0.05843681519357195,logistic_profile,-1,0.9470259164080683,0.4642749934814794,42
Order,2,5495,320,0.05823475887170155,mean_nll,-1,0.9643115942028986,0.6640371525999029,42
Order,2,5495,320,0.05823475887170155,std_nll,-1,0.6213683574879227,0.1301238827650913,42
Order,2,5495,320,0.05823475887170155,logistic_profile,-1,0.9809903381642513,0.8740604866205034,42
Order,3,5500,320,0.05818181818181818,mean_nll,-1,0.9404744811776061,0.5932209699508273,42
Order,3,5500,320,0.05818181818181818,std_nll,-1,0.5681503378378379,0.15146959174889926,42
Order,3,5500,320,0.05818181818181818,logistic_profile,-1,0.9646332046332047,0.78974832494859,42
Order,4,5306,310,0.058424425179042595,mean_nll,-1,0.9475444872026654,0.6593070542507586,42
Order,4,5306,310,0.058424425179042595,std_nll,-1,0.524779501020171,0.10560088595602715,42
Order,4,5306,310,0.058424425179042595,logistic_profile,-1,0.9627263100803222,0.7771108513463417,42
Phylum,0,5471,320,0.058490221166148784,mean_nll,-1,0.9862933168316831,0.8297037382216507,42
Phylum,0,5471,320,0.058490221166148784,std_nll,-1,0.3174553484760241,0.04970028755283549,42
Phylum,0,5471,320,0.058490221166148784,logistic_profile,-1,0.9961008784701999,0.961549202121707,42
Phylum,1,5476,320,0.05843681519357195,mean_nll,-1,0.9893067542668735,0.8631010502946985,42
Phylum,1,5476,320,0.05843681519357195,std_nll,-1,0.26108841640806824,0.037902774618005994,42
Phylum,1,5476,320,0.05843681519357195,logistic_profile,-1,0.982955234193173,0.7350510997072216,42
Phylum,2,5495,320,0.05823475887170155,mean_nll,-1,0.9954873188405797,0.9431685946092495,42
Phylum,2,5495,320,0.05823475887170155,std_nll,-1,0.2981914251207729,0.041343435644703545,42
Phylum,2,5495,320,0.05823475887170155,logistic_profile,-1,0.9981920289855073,0.9725372904368064,42
Phylum,3,5500,320,0.05818181818181818,mean_nll,-1,0.9923920125482626,0.9124862994861871,42
Phylum,3,5500,320,0.05818181818181818,std_nll,-1,0.2803444739382239,0.04397767988983155,42
Phylum,3,5500,320,0.05818181818181818,logistic_profile,-1,0.9946862934362936,0.9563447345171399,42
Phylum,4,5306,310,0.058424425179042595,mean_nll,-1,0.994226994498825,0.9412739140702123,42
Phylum,4,5306,310,0.058424425179042595,std_nll,-1,0.23234200263436558,0.03655405363104336,42
Phylum,4,5306,310,0.058424425179042595,logistic_profile,-1,0.9976116376972546,0.9698673173977918,42
Novelty,0,5471,320,0.058490221166148784,mean_nll,-1,0.9974379974762183,0.9626855929584128,42
Novelty,0,5471,320,0.058490221166148784,std_nll,-1,0.12035860755193166,0.0330909227057036,42
Novelty,0,5471,320,0.058490221166148784,logistic_profile,-1,0.9996930207726655,0.9956630916745227,42
Novelty,1,5476,320,0.05843681519357195,mean_nll,-1,0.998039298875097,0.9715828807632022,42
Novelty,1,5476,320,0.05843681519357195,std_nll,-1,0.09583434348332041,0.030893460941346287,42
Novelty,1,5476,320,0.05843681519357195,logistic_profile,-1,0.9974938178820791,0.95952406057038,42
Novelty,2,5495,320,0.05823475887170155,mean_nll,-1,0.9998188405797102,0.9972625561119982,42
Novelty,2,5495,320,0.05823475887170155,std_nll,-1,0.08752657004830916,0.03061376975999479,42
Novelty,2,5495,320,0.05823475887170155,logistic_profile,-1,0.9998454106280192,0.9975611104455042,42
Novelty,3,5500,320,0.05818181818181818,mean_nll,-1,0.9990269063706564,0.9865639582182807,42
Novelty,3,5500,320,0.05818181818181818,std_nll,-1,0.10393068291505791,0.030886380458026722,42
Novelty,3,5500,320,0.05818181818181818,logistic_profile,-1,0.9993418194980696,0.991479990143916,42
Novelty,4,5306,310,0.058424425179042595,mean_nll,-1,0.999593222965469,0.9950402969136335,42
Novelty,4,5306,310,0.058424425179042595,std_nll,-1,0.07581097135773135,0.030534125076800277,42
Novelty,4,5306,310,0.058424425179042595,logistic_profile,-1,0.9994808750225986,0.9949268513950354,42
Noise,0,5471,320,0.058490221166148784,mean_nll,-1,0.9996390264026404,0.9943745003013661,42
Noise,0,5471,320,0.058490221166148784,std_nll,-1,0.02888516792855756,0.030040565386485203,42
Noise,0,5471,320,0.058490221166148784,logistic_profile,-1,0.9999623859444767,0.9993930110753069,42
Noise,1,5476,320,0.05843681519357195,mean_nll,-1,0.9995248254460822,0.9931839004689719,42
Noise,1,5476,320,0.05843681519357195,std_nll,-1,0.02614429790535299,0.02999829275215528,42
Noise,1,5476,320,0.05843681519357195,logistic_profile,-1,0.9994023952676494,0.9911169056617402,42
Noise,2,5495,320,0.05823475887170155,mean_nll,-1,0.9999601449275363,0.9993749976647383,42
Noise,2,5495,320,0.05823475887170155,std_nll,-1,0.043705917874396136,0.030009544556772325,42
Noise,2,5495,320,0.05823475887170155,logistic_profile,-1,0.9999849033816426,0.9997709814900593,42
Noise,3,5500,320,0.05818181818181818,mean_nll,-1,0.9999083011583011,0.9985111775218616,42
Noise,3,5500,320,0.05818181818181818,std_nll,-1,0.03675374034749035,0.029914368026760594,42
Noise,3,5500,320,0.05818181818181818,logistic_profile,-1,0.9999511341698841,0.9991914673497949,42
Noise,4,5306,310,0.058424425179042595,mean_nll,-1,0.9999509284847233,0.9992898757283585,42
Noise,4,5306,310,0.058424425179042595,std_nll,-1,0.021895580980913765,0.02997465647364513,42
Noise,4,5306,310,0.058424425179042595,logistic_profile,-1,0.9999554482295513,0.9993042099428557,42
Species,0,5468,317,0.057973664959765914,mean_nll,-1,0.4995272119529637,0.05556752842458994,101
Species,0,5468,317,0.057973664959765914,std_nll,-1,0.5986501043869463,0.0877165015426385,101
Species,0,5468,317,0.057973664959765914,logistic_profile,-1,0.5974130164918514,0.07799012756700954,101
Species,1,5473,317,0.05792070162616481,mean_nll,-1,0.48095141368483135,0.05146072221809369,101
Species,1,5473,317,0.05792070162616481,std_nll,-1,0.57404683649321,0.08186506470655523,101
Species,1,5473,317,0.05792070162616481,logistic_profile,-1,0.6123930222484355,0.08787244094222993,101
Species,2,5493,318,0.05789186237028946,mean_nll,-1,0.49400783884787164,0.05198909312644219,101
Species,2,5493,318,0.05789186237028946,std_nll,-1,0.5983343967429283,0.08613705689862286,101
Species,2,5493,318,0.05789186237028946,logistic_profile,-1,0.600123963175645,0.08255591576504664,101
Species,3,5500,320,0.05818181818181818,mean_nll,-1,0.4768602195945945,0.05076190612513684,101
Species,3,5500,320,0.05818181818181818,std_nll,-1,0.59558458011583,0.0914887200407004,101
Species,3,5500,320,0.05818181818181818,logistic_profile,-1,0.5927328667953669,0.07920197112952582,101
Species,4,5306,310,0.058424425179042595,mean_nll,-1,0.4794958547483148,0.05186670258714282,101
Species,4,5306,310,0.058424425179042595,std_nll,-1,0.5643430873731243,0.07388373050804113,101
Species,4,5306,310,0.058424425179042595,logistic_profile,-1,0.6206739585216561,0.08593244701421696,101
Genus,0,5471,320,0.058490221166148784,mean_nll,-1,0.7564071296835567,0.1237219095000641,101
Genus,0,5471,320,0.058490221166148784,std_nll,-1,0.7592761114346729,0.21307471185146065,101
Genus,0,5471,320,0.058490221166148784,logistic_profile,-1,0.8142624005047564,0.29988416856639,101
Genus,1,5476,320,0.05843681519357195,mean_nll,-1,0.7256103326221877,0.1176825226338903,101
Genus,1,5476,320,0.05843681519357195,std_nll,-1,0.7607371872575639,0.2511272900415095,101
Genus,1,5476,320,0.05843681519357195,logistic_profile,-1,0.7734678044996122,0.1514802797718796,101
Genus,2,5495,320,0.05823475887170155,mean_nll,-1,0.7539444444444444,0.1141524083820714,101
Genus,2,5495,320,0.05823475887170155,std_nll,-1,0.7581316425120773,0.20279571297730872,101
Genus,2,5495,320,0.05823475887170155,logistic_profile,-1,0.8054184782608695,0.33654039763160387,101
Genus,3,5500,320,0.05818181818181818,mean_nll,-1,0.7253535231660232,0.11439364683383556,101
Genus,3,5500,320,0.05818181818181818,std_nll,-1,0.7775832528957529,0.26476293822990776,101
Genus,3,5500,320,0.05818181818181818,logistic_profile,-1,0.7823515926640926,0.2370585417297423,101
Genus,4,5306,310,0.058424425179042595,mean_nll,-1,0.7322600015496268,0.12596561177656435,101
Genus,4,5306,310,0.058424425179042595,std_nll,-1,0.7220705596735453,0.1851072700894581,101
Genus,4,5306,310,0.058424425179042595,logistic_profile,-1,0.7763165371006482,0.2952119395083615,101
Family,0,5471,320,0.058490221166148784,mean_nll,-1,0.8801664725296059,0.2736932434308141,101
Family,0,5471,320,0.058490221166148784,std_nll,-1,0.7409498762376238,0.24821492597420972,101
Family,0,5471,320,0.058490221166148784,logistic_profile,-1,0.9255065763929334,0.553093003744387,101
Family,1,5476,320,0.05843681519357195,mean_nll,-1,0.8543971828937161,0.27335894963336926,101
Family,1,5476,320,0.05843681519357195,std_nll,-1,0.6769716107447634,0.1994701370182746,101
Family,1,5476,320,0.05843681519357195,logistic_profile,-1,0.8790498933281613,0.2762161629325559,101
Family,2,5495,320,0.05823475887170155,mean_nll,-1,0.9079830917874396,0.37944044612398203,101
Family,2,5495,320,0.05823475887170155,std_nll,-1,0.7513037439613527,0.2164455369745845,101
Family,2,5495,320,0.05823475887170155,logistic_profile,-1,0.9368907004830918,0.6968402327330488,101
Family,3,5500,320,0.05818181818181818,mean_nll,-1,0.868549107142857,0.31126830323065136,101
Family,3,5500,320,0.05818181818181818,std_nll,-1,0.7065739623552123,0.20961822944537112,101
Family,3,5500,320,0.05818181818181818,logistic_profile,-1,0.9164750241312742,0.546282283166716,101
Family,4,5306,310,0.058424425179042595,mean_nll,-1,0.8877185619463311,0.3766573173709181,101
Family,4,5306,310,0.058424425179042595,std_nll,-1,0.6844643456700844,0.17421024993235046,101
Family,4,5306,310,0.058424425179042595,logistic_profile,-1,0.9144128205790438,0.6254681590359739,101
Order,0,5471,320,0.058490221166148784,mean_nll,-1,0.9433071248301301,0.49838728657615544,101
Order,0,5471,320,0.058490221166148784,std_nll,-1,0.6017875776548243,0.17352682251246543,101
Order,0,5471,320,0.058490221166148784,logistic_profile,-1,0.9753033391574452,0.8331412208028252,101
Order,1,5476,320,0.05843681519357195,mean_nll,-1,0.9402522546547711,0.5151095659677041,101
Order,1,5476,320,0.05843681519357195,std_nll,-1,0.5763930978471684,0.13609502072854907,101
Order,1,5476,320,0.05843681519357195,logistic_profile,-1,0.9470259164080683,0.4642749934814794,101
Order,2,5495,320,0.05823475887170155,mean_nll,-1,0.9643115942028986,0.6640371525999029,101
Order,2,5495,320,0.05823475887170155,std_nll,-1,0.6213683574879227,0.1301238827650913,101
Order,2,5495,320,0.05823475887170155,logistic_profile,-1,0.9809903381642513,0.8740604866205034,101
Order,3,5500,320,0.05818181818181818,mean_nll,-1,0.9404744811776061,0.5932209699508273,101
Order,3,5500,320,0.05818181818181818,std_nll,-1,0.5681503378378379,0.15146959174889926,101
Order,3,5500,320,0.05818181818181818,logistic_profile,-1,0.9646332046332047,0.78974832494859,101
Order,4,5306,310,0.058424425179042595,mean_nll,-1,0.9475444872026654,0.6593070542507586,101
Order,4,5306,310,0.058424425179042595,std_nll,-1,0.524779501020171,0.10560088595602715,101
Order,4,5306,310,0.058424425179042595,logistic_profile,-1,0.9627263100803222,0.7771108513463417,101
Phylum,0,5471,320,0.058490221166148784,mean_nll,-1,0.9862933168316831,0.8297037382216507,101
Phylum,0,5471,320,0.058490221166148784,std_nll,-1,0.3174553484760241,0.04970028755283549,101
Phylum,0,5471,320,0.058490221166148784,logistic_profile,-1,0.9961008784701999,0.961549202121707,101
Phylum,1,5476,320,0.05843681519357195,mean_nll,-1,0.9893067542668735,0.8631010502946985,101
Phylum,1,5476,320,0.05843681519357195,std_nll,-1,0.26108841640806824,0.037902774618005994,101
Phylum,1,5476,320,0.05843681519357195,logistic_profile,-1,0.982955234193173,0.7350510997072216,101
Phylum,2,5495,320,0.05823475887170155,mean_nll,-1,0.9954873188405797,0.9431685946092495,101
Phylum,2,5495,320,0.05823475887170155,std_nll,-1,0.2981914251207729,0.041343435644703545,101
Phylum,2,5495,320,0.05823475887170155,logistic_profile,-1,0.9981920289855073,0.9725372904368064,101
Phylum,3,5500,320,0.05818181818181818,mean_nll,-1,0.9923920125482626,0.9124862994861871,101
Phylum,3,5500,320,0.05818181818181818,std_nll,-1,0.2803444739382239,0.04397767988983155,101
Phylum,3,5500,320,0.05818181818181818,logistic_profile,-1,0.9946862934362936,0.9563447345171399,101
Phylum,4,5306,310,0.058424425179042595,mean_nll,-1,0.994226994498825,0.9412739140702123,101
Phylum,4,5306,310,0.058424425179042595,std_nll,-1,0.23234200263436558,0.03655405363104336,101
Phylum,4,5306,310,0.058424425179042595,logistic_profile,-1,0.9976116376972546,0.9698673173977918,101
Novelty,0,5471,320,0.058490221166148784,mean_nll,-1,0.9974379974762183,0.9626855929584128,101
Novelty,0,5471,320,0.058490221166148784,std_nll,-1,0.12035860755193166,0.0330909227057036,101
Novelty,0,5471,320,0.058490221166148784,logistic_profile,-1,0.9996930207726655,0.9956630916745227,101
Novelty,1,5476,320,0.05843681519357195,mean_nll,-1,0.998039298875097,0.9715828807632022,101
Novelty,1,5476,320,0.05843681519357195,std_nll,-1,0.09583434348332041,0.030893460941346287,101
Novelty,1,5476,320,0.05843681519357195,logistic_profile,-1,0.9974938178820791,0.95952406057038,101
Novelty,2,5495,320,0.05823475887170155,mean_nll,-1,0.9998188405797102,0.9972625561119982,101
Novelty,2,5495,320,0.05823475887170155,std_nll,-1,0.08752657004830916,0.03061376975999479,101
Novelty,2,5495,320,0.05823475887170155,logistic_profile,-1,0.9998454106280192,0.9975611104455042,101
Novelty,3,5500,320,0.05818181818181818,mean_nll,-1,0.9990269063706564,0.9865639582182807,101
Novelty,3,5500,320,0.05818181818181818,std_nll,-1,0.10393068291505791,0.030886380458026722,101
Novelty,3,5500,320,0.05818181818181818,logistic_profile,-1,0.9993418194980696,0.991479990143916,101
Novelty,4,5306,310,0.058424425179042595,mean_nll,-1,0.999593222965469,0.9950402969136335,101
Novelty,4,5306,310,0.058424425179042595,std_nll,-1,0.07581097135773135,0.030534125076800277,101
Novelty,4,5306,310,0.058424425179042595,logistic_profile,-1,0.9994808750225986,0.9949268513950354,101
Noise,0,5471,320,0.058490221166148784,mean_nll,-1,0.9996390264026404,0.9943745003013661,101
Noise,0,5471,320,0.058490221166148784,std_nll,-1,0.02888516792855756,0.030040565386485203,101
Noise,0,5471,320,0.058490221166148784,logistic_profile,-1,0.9999623859444767,0.9993930110753069,101
Noise,1,5476,320,0.05843681519357195,mean_nll,-1,0.9995248254460822,0.9931839004689719,101
Noise,1,5476,320,0.05843681519357195,std_nll,-1,0.02614429790535299,0.02999829275215528,101
Noise,1,5476,320,0.05843681519357195,logistic_profile,-1,0.9994023952676494,0.9911169056617402,101
Noise,2,5495,320,0.05823475887170155,mean_nll,-1,0.9999601449275363,0.9993749976647383,101
Noise,2,5495,320,0.05823475887170155,std_nll,-1,0.043705917874396136,0.030009544556772325,101
Noise,2,5495,320,0.05823475887170155,logistic_profile,-1,0.9999849033816426,0.9997709814900593,101
Noise,3,5500,320,0.05818181818181818,mean_nll,-1,0.9999083011583011,0.9985111775218616,101
Noise,3,5500,320,0.05818181818181818,std_nll,-1,0.03675374034749035,0.029914368026760594,101
Noise,3,5500,320,0.05818181818181818,logistic_profile,-1,0.9999511341698841,0.9991914673497949,101
Noise,4,5306,310,0.058424425179042595,mean_nll,-1,0.9999509284847233,0.9992898757283585,101
Noise,4,5306,310,0.058424425179042595,std_nll,-1,0.021895580980913765,0.02997465647364513,101
Noise,4,5306,310,0.058424425179042595,logistic_profile,-1,0.9999554482295513,0.9993042099428557,101
Species,0,5468,317,0.057973664959765914,mean_nll,-1,0.4995272119529637,0.05556752842458994,202
Species,0,5468,317,0.057973664959765914,std_nll,-1,0.5986501043869463,0.0877165015426385,202
Species,0,5468,317,0.057973664959765914,logistic_profile,-1,0.5974130164918514,0.07799012756700954,202
Species,1,5473,317,0.05792070162616481,mean_nll,-1,0.48095141368483135,0.05146072221809369,202
Species,1,5473,317,0.05792070162616481,std_nll,-1,0.57404683649321,0.08186506470655523,202
Species,1,5473,317,0.05792070162616481,logistic_profile,-1,0.6123930222484355,0.08787244094222993,202
Species,2,5493,318,0.05789186237028946,mean_nll,-1,0.49400783884787164,0.05198909312644219,202
Species,2,5493,318,0.05789186237028946,std_nll,-1,0.5983343967429283,0.08613705689862286,202
Species,2,5493,318,0.05789186237028946,logistic_profile,-1,0.600123963175645,0.08255591576504664,202
Species,3,5500,320,0.05818181818181818,mean_nll,-1,0.4768602195945945,0.05076190612513684,202
Species,3,5500,320,0.05818181818181818,std_nll,-1,0.59558458011583,0.0914887200407004,202
Species,3,5500,320,0.05818181818181818,logistic_profile,-1,0.5927328667953669,0.07920197112952582,202
Species,4,5306,310,0.058424425179042595,mean_nll,-1,0.4794958547483148,0.05186670258714282,202
Species,4,5306,310,0.058424425179042595,std_nll,-1,0.5643430873731243,0.07388373050804113,202
Species,4,5306,310,0.058424425179042595,logistic_profile,-1,0.6206739585216561,0.08593244701421696,202
Genus,0,5471,320,0.058490221166148784,mean_nll,-1,0.7564071296835567,0.1237219095000641,202
Genus,0,5471,320,0.058490221166148784,std_nll,-1,0.7592761114346729,0.21307471185146065,202
Genus,0,5471,320,0.058490221166148784,logistic_profile,-1,0.8142624005047564,0.29988416856639,202
Genus,1,5476,320,0.05843681519357195,mean_nll,-1,0.7256103326221877,0.1176825226338903,202
Genus,1,5476,320,0.05843681519357195,std_nll,-1,0.7607371872575639,0.2511272900415095,202
Genus,1,5476,320,0.05843681519357195,logistic_profile,-1,0.7734678044996122,0.1514802797718796,202
Genus,2,5495,320,0.05823475887170155,mean_nll,-1,0.7539444444444444,0.1141524083820714,202
Genus,2,5495,320,0.05823475887170155,std_nll,-1,0.7581316425120773,0.20279571297730872,202
Genus,2,5495,320,0.05823475887170155,logistic_profile,-1,0.8054184782608695,0.33654039763160387,202
Genus,3,5500,320,0.05818181818181818,mean_nll,-1,0.7253535231660232,0.11439364683383556,202
Genus,3,5500,320,0.05818181818181818,std_nll,-1,0.7775832528957529,0.26476293822990776,202
Genus,3,5500,320,0.05818181818181818,logistic_profile,-1,0.7823515926640926,0.2370585417297423,202
Genus,4,5306,310,0.058424425179042595,mean_nll,-1,0.7322600015496268,0.12596561177656435,202
Genus,4,5306,310,0.058424425179042595,std_nll,-1,0.7220705596735453,0.1851072700894581,202
Genus,4,5306,310,0.058424425179042595,logistic_profile,-1,0.7763165371006482,0.2952119395083615,202
Family,0,5471,320,0.058490221166148784,mean_nll,-1,0.8801664725296059,0.2736932434308141,202
Family,0,5471,320,0.058490221166148784,std_nll,-1,0.7409498762376238,0.24821492597420972,202
Family,0,5471,320,0.058490221166148784,logistic_profile,-1,0.9255065763929334,0.553093003744387,202
Family,1,5476,320,0.05843681519357195,mean_nll,-1,0.8543971828937161,0.27335894963336926,202
Family,1,5476,320,0.05843681519357195,std_nll,-1,0.6769716107447634,0.1994701370182746,202
Family,1,5476,320,0.05843681519357195,logistic_profile,-1,0.8790498933281613,0.2762161629325559,202
Family,2,5495,320,0.05823475887170155,mean_nll,-1,0.9079830917874396,0.37944044612398203,202
Family,2,5495,320,0.05823475887170155,std_nll,-1,0.7513037439613527,0.2164455369745845,202
Family,2,5495,320,0.05823475887170155,logistic_profile,-1,0.9368907004830918,0.6968402327330488,202
Family,3,5500,320,0.05818181818181818,mean_nll,-1,0.868549107142857,0.31126830323065136,202
Family,3,5500,320,0.05818181818181818,std_nll,-1,0.7065739623552123,0.20961822944537112,202
Family,3,5500,320,0.05818181818181818,logistic_profile,-1,0.9164750241312742,0.546282283166716,202
Family,4,5306,310,0.058424425179042595,mean_nll,-1,0.8877185619463311,0.3766573173709181,202
Family,4,5306,310,0.058424425179042595,std_nll,-1,0.6844643456700844,0.17421024993235046,202
Family,4,5306,310,0.058424425179042595,logistic_profile,-1,0.9144128205790438,0.6254681590359739,202
Order,0,5471,320,0.058490221166148784,mean_nll,-1,0.9433071248301301,0.49838728657615544,202
Order,0,5471,320,0.058490221166148784,std_nll,-1,0.6017875776548243,0.17352682251246543,202
Order,0,5471,320,0.058490221166148784,logistic_profile,-1,0.9753033391574452,0.8331412208028252,202
Order,1,5476,320,0.05843681519357195,mean_nll,-1,0.9402522546547711,0.5151095659677041,202
Order,1,5476,320,0.05843681519357195,std_nll,-1,0.5763930978471684,0.13609502072854907,202
Order,1,5476,320,0.05843681519357195,logistic_profile,-1,0.9470259164080683,0.4642749934814794,202
Order,2,5495,320,0.05823475887170155,mean_nll,-1,0.9643115942028986,0.6640371525999029,202
Order,2,5495,320,0.05823475887170155,std_nll,-1,0.6213683574879227,0.1301238827650913,202
Order,2,5495,320,0.05823475887170155,logistic_profile,-1,0.9809903381642513,0.8740604866205034,202
Order,3,5500,320,0.05818181818181818,mean_nll,-1,0.9404744811776061,0.5932209699508273,202
Order,3,5500,320,0.05818181818181818,std_nll,-1,0.5681503378378379,0.15146959174889926,202
Order,3,5500,320,0.05818181818181818,logistic_profile,-1,0.9646332046332047,0.78974832494859,202
Order,4,5306,310,0.058424425179042595,mean_nll,-1,0.9475444872026654,0.6593070542507586,202
Order,4,5306,310,0.058424425179042595,std_nll,-1,0.524779501020171,0.10560088595602715,202
Order,4,5306,310,0.058424425179042595,logistic_profile,-1,0.9627263100803222,0.7771108513463417,202
Phylum,0,5471,320,0.058490221166148784,mean_nll,-1,0.9862933168316831,0.8297037382216507,202
Phylum,0,5471,320,0.058490221166148784,std_nll,-1,0.3174553484760241,0.04970028755283549,202
Phylum,0,5471,320,0.058490221166148784,logistic_profile,-1,0.9961008784701999,0.961549202121707,202
Phylum,1,5476,320,0.05843681519357195,mean_nll,-1,0.9893067542668735,0.8631010502946985,202
Phylum,1,5476,320,0.05843681519357195,std_nll,-1,0.26108841640806824,0.037902774618005994,202
Phylum,1,5476,320,0.05843681519357195,logistic_profile,-1,0.982955234193173,0.7350510997072216,202
Phylum,2,5495,320,0.05823475887170155,mean_nll,-1,0.9954873188405797,0.9431685946092495,202
Phylum,2,5495,320,0.05823475887170155,std_nll,-1,0.2981914251207729,0.041343435644703545,202
Phylum,2,5495,320,0.05823475887170155,logistic_profile,-1,0.9981920289855073,0.9725372904368064,202
Phylum,3,5500,320,0.05818181818181818,mean_nll,-1,0.9923920125482626,0.9124862994861871,202
Phylum,3,5500,320,0.05818181818181818,std_nll,-1,0.2803444739382239,0.04397767988983155,202
Phylum,3,5500,320,0.05818181818181818,logistic_profile,-1,0.9946862934362936,0.9563447345171399,202
Phylum,4,5306,310,0.058424425179042595,mean_nll,-1,0.994226994498825,0.9412739140702123,202
Phylum,4,5306,310,0.058424425179042595,std_nll,-1,0.23234200263436558,0.03655405363104336,202
Phylum,4,5306,310,0.058424425179042595,logistic_profile,-1,0.9976116376972546,0.9698673173977918,202
Novelty,0,5471,320,0.058490221166148784,mean_nll,-1,0.9974379974762183,0.9626855929584128,202
Novelty,0,5471,320,0.058490221166148784,std_nll,-1,0.12035860755193166,0.0330909227057036,202
Novelty,0,5471,320,0.058490221166148784,logistic_profile,-1,0.9996930207726655,0.9956630916745227,202
Novelty,1,5476,320,0.05843681519357195,mean_nll,-1,0.998039298875097,0.9715828807632022,202
Novelty,1,5476,320,0.05843681519357195,std_nll,-1,0.09583434348332041,0.030893460941346287,202
Novelty,1,5476,320,0.05843681519357195,logistic_profile,-1,0.9974938178820791,0.95952406057038,202
Novelty,2,5495,320,0.05823475887170155,mean_nll,-1,0.9998188405797102,0.9972625561119982,202
Novelty,2,5495,320,0.05823475887170155,std_nll,-1,0.08752657004830916,0.03061376975999479,202
Novelty,2,5495,320,0.05823475887170155,logistic_profile,-1,0.9998454106280192,0.9975611104455042,202
Novelty,3,5500,320,0.05818181818181818,mean_nll,-1,0.9990269063706564,0.9865639582182807,202
Novelty,3,5500,320,0.05818181818181818,std_nll,-1,0.10393068291505791,0.030886380458026722,202
Novelty,3,5500,320,0.05818181818181818,logistic_profile,-1,0.9993418194980696,0.991479990143916,202
Novelty,4,5306,310,0.058424425179042595,mean_nll,-1,0.999593222965469,0.9950402969136335,202
Novelty,4,5306,310,0.058424425179042595,std_nll,-1,0.07581097135773135,0.030534125076800277,202
Novelty,4,5306,310,0.058424425179042595,logistic_profile,-1,0.9994808750225986,0.9949268513950354,202
Noise,0,5471,320,0.058490221166148784,mean_nll,-1,0.9996390264026404,0.9943745003013661,202
Noise,0,5471,320,0.058490221166148784,std_nll,-1,0.02888516792855756,0.030040565386485203,202
Noise,0,5471,320,0.058490221166148784,logistic_profile,-1,0.9999623859444767,0.9993930110753069,202
Noise,1,5476,320,0.05843681519357195,mean_nll,-1,0.9995248254460822,0.9931839004689719,202
Noise,1,5476,320,0.05843681519357195,std_nll,-1,0.02614429790535299,0.02999829275215528,202
Noise,1,5476,320,0.05843681519357195,logistic_profile,-1,0.9994023952676494,0.9911169056617402,202
Noise,2,5495,320,0.05823475887170155,mean_nll,-1,0.9999601449275363,0.9993749976647383,202
Noise,2,5495,320,0.05823475887170155,std_nll,-1,0.043705917874396136,0.030009544556772325,202
Noise,2,5495,320,0.05823475887170155,logistic_profile,-1,0.9999849033816426,0.9997709814900593,202
Noise,3,5500,320,0.05818181818181818,mean_nll,-1,0.9999083011583011,0.9985111775218616,202
Noise,3,5500,320,0.05818181818181818,std_nll,-1,0.03675374034749035,0.029914368026760594,202
Noise,3,5500,320,0.05818181818181818,logistic_profile,-1,0.9999511341698841,0.9991914673497949,202
Noise,4,5306,310,0.058424425179042595,mean_nll,-1,0.9999509284847233,0.9992898757283585,202
Noise,4,5306,310,0.058424425179042595,std_nll,-1,0.021895580980913765,0.02997465647364513,202
Noise,4,5306,310,0.058424425179042595,logistic_profile,-1,0.9999554482295513,0.9993042099428557,202
Species,0,5468,317,0.057973664959765914,mean_nll,-1,0.4995272119529637,0.05556752842458994,303
Species,0,5468,317,0.057973664959765914,std_nll,-1,0.5986501043869463,0.0877165015426385,303
Species,0,5468,317,0.057973664959765914,logistic_profile,-1,0.5974130164918514,0.07799012756700954,303
Species,1,5473,317,0.05792070162616481,mean_nll,-1,0.48095141368483135,0.05146072221809369,303
Species,1,5473,317,0.05792070162616481,std_nll,-1,0.57404683649321,0.08186506470655523,303
Species,1,5473,317,0.05792070162616481,logistic_profile,-1,0.6123930222484355,0.08787244094222993,303
Species,2,5493,318,0.05789186237028946,mean_nll,-1,0.49400783884787164,0.05198909312644219,303
Species,2,5493,318,0.05789186237028946,std_nll,-1,0.5983343967429283,0.08613705689862286,303
Species,2,5493,318,0.05789186237028946,logistic_profile,-1,0.600123963175645,0.08255591576504664,303
Species,3,5500,320,0.05818181818181818,mean_nll,-1,0.4768602195945945,0.05076190612513684,303
Species,3,5500,320,0.05818181818181818,std_nll,-1,0.59558458011583,0.0914887200407004,303
Species,3,5500,320,0.05818181818181818,logistic_profile,-1,0.5927328667953669,0.07920197112952582,303
Species,4,5306,310,0.058424425179042595,mean_nll,-1,0.4794958547483148,0.05186670258714282,303
Species,4,5306,310,0.058424425179042595,std_nll,-1,0.5643430873731243,0.07388373050804113,303
Species,4,5306,310,0.058424425179042595,logistic_profile,-1,0.6206739585216561,0.08593244701421696,303
Genus,0,5471,320,0.058490221166148784,mean_nll,-1,0.7564071296835567,0.1237219095000641,303
Genus,0,5471,320,0.058490221166148784,std_nll,-1,0.7592761114346729,0.21307471185146065,303
Genus,0,5471,320,0.058490221166148784,logistic_profile,-1,0.8142624005047564,0.29988416856639,303
Genus,1,5476,320,0.05843681519357195,mean_nll,-1,0.7256103326221877,0.1176825226338903,303
Genus,1,5476,320,0.05843681519357195,std_nll,-1,0.7607371872575639,0.2511272900415095,303
Genus,1,5476,320,0.05843681519357195,logistic_profile,-1,0.7734678044996122,0.1514802797718796,303
Genus,2,5495,320,0.05823475887170155,mean_nll,-1,0.7539444444444444,0.1141524083820714,303
Genus,2,5495,320,0.05823475887170155,std_nll,-1,0.7581316425120773,0.20279571297730872,303
Genus,2,5495,320,0.05823475887170155,logistic_profile,-1,0.8054184782608695,0.33654039763160387,303
Genus,3,5500,320,0.05818181818181818,mean_nll,-1,0.7253535231660232,0.11439364683383556,303
Genus,3,5500,320,0.05818181818181818,std_nll,-1,0.7775832528957529,0.26476293822990776,303
Genus,3,5500,320,0.05818181818181818,logistic_profile,-1,0.7823515926640926,0.2370585417297423,303
Genus,4,5306,310,0.058424425179042595,mean_nll,-1,0.7322600015496268,0.12596561177656435,303
Genus,4,5306,310,0.058424425179042595,std_nll,-1,0.7220705596735453,0.1851072700894581,303
Genus,4,5306,310,0.058424425179042595,logistic_profile,-1,0.7763165371006482,0.2952119395083615,303
Family,0,5471,320,0.058490221166148784,mean_nll,-1,0.8801664725296059,0.2736932434308141,303
Family,0,5471,320,0.058490221166148784,std_nll,-1,0.7409498762376238,0.24821492597420972,303
Family,0,5471,320,0.058490221166148784,logistic_profile,-1,0.9255065763929334,0.553093003744387,303
Family,1,5476,320,0.05843681519357195,mean_nll,-1,0.8543971828937161,0.27335894963336926,303
Family,1,5476,320,0.05843681519357195,std_nll,-1,0.6769716107447634,0.1994701370182746,303
Family,1,5476,320,0.05843681519357195,logistic_profile,-1,0.8790498933281613,0.2762161629325559,303
Family,2,5495,320,0.05823475887170155,mean_nll,-1,0.9079830917874396,0.37944044612398203,303
Family,2,5495,320,0.05823475887170155,std_nll,-1,0.7513037439613527,0.2164455369745845,303
Family,2,5495,320,0.05823475887170155,logistic_profile,-1,0.9368907004830918,0.6968402327330488,303
Family,3,5500,320,0.05818181818181818,mean_nll,-1,0.868549107142857,0.31126830323065136,303
Family,3,5500,320,0.05818181818181818,std_nll,-1,0.7065739623552123,0.20961822944537112,303
Family,3,5500,320,0.05818181818181818,logistic_profile,-1,0.9164750241312742,0.546282283166716,303
Family,4,5306,310,0.058424425179042595,mean_nll,-1,0.8877185619463311,0.3766573173709181,303
Family,4,5306,310,0.058424425179042595,std_nll,-1,0.6844643456700844,0.17421024993235046,303
Family,4,5306,310,0.058424425179042595,logistic_profile,-1,0.9144128205790438,0.6254681590359739,303
Order,0,5471,320,0.058490221166148784,mean_nll,-1,0.9433071248301301,0.49838728657615544,303
Order,0,5471,320,0.058490221166148784,std_nll,-1,0.6017875776548243,0.17352682251246543,303
Order,0,5471,320,0.058490221166148784,logistic_profile,-1,0.9753033391574452,0.8331412208028252,303
Order,1,5476,320,0.05843681519357195,mean_nll,-1,0.9402522546547711,0.5151095659677041,303
Order,1,5476,320,0.05843681519357195,std_nll,-1,0.5763930978471684,0.13609502072854907,303
Order,1,5476,320,0.05843681519357195,logistic_profile,-1,0.9470259164080683,0.4642749934814794,303
Order,2,5495,320,0.05823475887170155,mean_nll,-1,0.9643115942028986,0.6640371525999029,303
Order,2,5495,320,0.05823475887170155,std_nll,-1,0.6213683574879227,0.1301238827650913,303
Order,2,5495,320,0.05823475887170155,logistic_profile,-1,0.9809903381642513,0.8740604866205034,303
Order,3,5500,320,0.05818181818181818,mean_nll,-1,0.9404744811776061,0.5932209699508273,303
Order,3,5500,320,0.05818181818181818,std_nll,-1,0.5681503378378379,0.15146959174889926,303
Order,3,5500,320,0.05818181818181818,logistic_profile,-1,0.9646332046332047,0.78974832494859,303
Order,4,5306,310,0.058424425179042595,mean_nll,-1,0.9475444872026654,0.6593070542507586,303
Order,4,5306,310,0.058424425179042595,std_nll,-1,0.524779501020171,0.10560088595602715,303
Order,4,5306,310,0.058424425179042595,logistic_profile,-1,0.9627263100803222,0.7771108513463417,303
Phylum,0,5471,320,0.058490221166148784,mean_nll,-1,0.9862933168316831,0.8297037382216507,303
Phylum,0,5471,320,0.058490221166148784,std_nll,-1,0.3174553484760241,0.04970028755283549,303
Phylum,0,5471,320,0.058490221166148784,logistic_profile,-1,0.9961008784701999,0.961549202121707,303
Phylum,1,5476,320,0.05843681519357195,mean_nll,-1,0.9893067542668735,0.8631010502946985,303
Phylum,1,5476,320,0.05843681519357195,std_nll,-1,0.26108841640806824,0.037902774618005994,303
Phylum,1,5476,320,0.05843681519357195,logistic_profile,-1,0.982955234193173,0.7350510997072216,303
Phylum,2,5495,320,0.05823475887170155,mean_nll,-1,0.9954873188405797,0.9431685946092495,303
Phylum,2,5495,320,0.05823475887170155,std_nll,-1,0.2981914251207729,0.041343435644703545,303
Phylum,2,5495,320,0.05823475887170155,logistic_profile,-1,0.9981920289855073,0.9725372904368064,303
Phylum,3,5500,320,0.05818181818181818,mean_nll,-1,0.9923920125482626,0.9124862994861871,303
Phylum,3,5500,320,0.05818181818181818,std_nll,-1,0.2803444739382239,0.04397767988983155,303
Phylum,3,5500,320,0.05818181818181818,logistic_profile,-1,0.9946862934362936,0.9563447345171399,303
Phylum,4,5306,310,0.058424425179042595,mean_nll,-1,0.994226994498825,0.9412739140702123,303
Phylum,4,5306,310,0.058424425179042595,std_nll,-1,0.23234200263436558,0.03655405363104336,303
Phylum,4,5306,310,0.058424425179042595,logistic_profile,-1,0.9976116376972546,0.9698673173977918,303
Novelty,0,5471,320,0.058490221166148784,mean_nll,-1,0.9974379974762183,0.9626855929584128,303
Novelty,0,5471,320,0.058490221166148784,std_nll,-1,0.12035860755193166,0.0330909227057036,303
Novelty,0,5471,320,0.058490221166148784,logistic_profile,-1,0.9996930207726655,0.9956630916745227,303
Novelty,1,5476,320,0.05843681519357195,mean_nll,-1,0.998039298875097,0.9715828807632022,303
Novelty,1,5476,320,0.05843681519357195,std_nll,-1,0.09583434348332041,0.030893460941346287,303
Novelty,1,5476,320,0.05843681519357195,logistic_profile,-1,0.9974938178820791,0.95952406057038,303
Novelty,2,5495,320,0.05823475887170155,mean_nll,-1,0.9998188405797102,0.9972625561119982,303
Novelty,2,5495,320,0.05823475887170155,std_nll,-1,0.08752657004830916,0.03061376975999479,303
Novelty,2,5495,320,0.05823475887170155,logistic_profile,-1,0.9998454106280192,0.9975611104455042,303
Novelty,3,5500,320,0.05818181818181818,mean_nll,-1,0.9990269063706564,0.9865639582182807,303
Novelty,3,5500,320,0.05818181818181818,std_nll,-1,0.10393068291505791,0.030886380458026722,303
Novelty,3,5500,320,0.05818181818181818,logistic_profile,-1,0.9993418194980696,0.991479990143916,303
Novelty,4,5306,310,0.058424425179042595,mean_nll,-1,0.999593222965469,0.9950402969136335,303
Novelty,4,5306,310,0.058424425179042595,std_nll,-1,0.07581097135773135,0.030534125076800277,303
Novelty,4,5306,310,0.058424425179042595,logistic_profile,-1,0.9994808750225986,0.9949268513950354,303
Noise,0,5471,320,0.058490221166148784,mean_nll,-1,0.9996390264026404,0.9943745003013661,303
Noise,0,5471,320,0.058490221166148784,std_nll,-1,0.02888516792855756,0.030040565386485203,303
Noise,0,5471,320,0.058490221166148784,logistic_profile,-1,0.9999623859444767,0.9993930110753069,303
Noise,1,5476,320,0.05843681519357195,mean_nll,-1,0.9995248254460822,0.9931839004689719,303
Noise,1,5476,320,0.05843681519357195,std_nll,-1,0.02614429790535299,0.02999829275215528,303
Noise,1,5476,320,0.05843681519357195,logistic_profile,-1,0.9994023952676494,0.9911169056617402,303
Noise,2,5495,320,0.05823475887170155,mean_nll,-1,0.9999601449275363,0.9993749976647383,303
Noise,2,5495,320,0.05823475887170155,std_nll,-1,0.043705917874396136,0.030009544556772325,303
Noise,2,5495,320,0.05823475887170155,logistic_profile,-1,0.9999849033816426,0.9997709814900593,303
Noise,3,5500,320,0.05818181818181818,mean_nll,-1,0.9999083011583011,0.9985111775218616,303
Noise,3,5500,320,0.05818181818181818,std_nll,-1,0.03675374034749035,0.029914368026760594,303
Noise,3,5500,320,0.05818181818181818,logistic_profile,-1,0.9999511341698841,0.9991914673497949,303
Noise,4,5306,310,0.058424425179042595,mean_nll,-1,0.9999509284847233,0.9992898757283585,303
Noise,4,5306,310,0.058424425179042595,std_nll,-1,0.021895580980913765,0.02997465647364513,303
Noise,4,5306,310,0.058424425179042595,logistic_profile,-1,0.9999554482295513,0.9993042099428557,303
Species,0,5468,317,0.057973664959765914,mean_nll,-1,0.4995272119529637,0.05556752842458994,404
Species,0,5468,317,0.057973664959765914,std_nll,-1,0.5986501043869463,0.0877165015426385,404
Species,0,5468,317,0.057973664959765914,logistic_profile,-1,0.5974130164918514,0.07799012756700954,404
Species,1,5473,317,0.05792070162616481,mean_nll,-1,0.48095141368483135,0.05146072221809369,404
Species,1,5473,317,0.05792070162616481,std_nll,-1,0.57404683649321,0.08186506470655523,404
Species,1,5473,317,0.05792070162616481,logistic_profile,-1,0.6123930222484355,0.08787244094222993,404
Species,2,5493,318,0.05789186237028946,mean_nll,-1,0.49400783884787164,0.05198909312644219,404
Species,2,5493,318,0.05789186237028946,std_nll,-1,0.5983343967429283,0.08613705689862286,404
Species,2,5493,318,0.05789186237028946,logistic_profile,-1,0.600123963175645,0.08255591576504664,404
Species,3,5500,320,0.05818181818181818,mean_nll,-1,0.4768602195945945,0.05076190612513684,404
Species,3,5500,320,0.05818181818181818,std_nll,-1,0.59558458011583,0.0914887200407004,404
Species,3,5500,320,0.05818181818181818,logistic_profile,-1,0.5927328667953669,0.07920197112952582,404
Species,4,5306,310,0.058424425179042595,mean_nll,-1,0.4794958547483148,0.05186670258714282,404
Species,4,5306,310,0.058424425179042595,std_nll,-1,0.5643430873731243,0.07388373050804113,404
Species,4,5306,310,0.058424425179042595,logistic_profile,-1,0.6206739585216561,0.08593244701421696,404
Genus,0,5471,320,0.058490221166148784,mean_nll,-1,0.7564071296835567,0.1237219095000641,404
Genus,0,5471,320,0.058490221166148784,std_nll,-1,0.7592761114346729,0.21307471185146065,404
Genus,0,5471,320,0.058490221166148784,logistic_profile,-1,0.8142624005047564,0.29988416856639,404
Genus,1,5476,320,0.05843681519357195,mean_nll,-1,0.7256103326221877,0.1176825226338903,404
Genus,1,5476,320,0.05843681519357195,std_nll,-1,0.7607371872575639,0.2511272900415095,404
Genus,1,5476,320,0.05843681519357195,logistic_profile,-1,0.7734678044996122,0.1514802797718796,404
Genus,2,5495,320,0.05823475887170155,mean_nll,-1,0.7539444444444444,0.1141524083820714,404
Genus,2,5495,320,0.05823475887170155,std_nll,-1,0.7581316425120773,0.20279571297730872,404
Genus,2,5495,320,0.05823475887170155,logistic_profile,-1,0.8054184782608695,0.33654039763160387,404
Genus,3,5500,320,0.05818181818181818,mean_nll,-1,0.7253535231660232,0.11439364683383556,404
Genus,3,5500,320,0.05818181818181818,std_nll,-1,0.7775832528957529,0.26476293822990776,404
Genus,3,5500,320,0.05818181818181818,logistic_profile,-1,0.7823515926640926,0.2370585417297423,404
Genus,4,5306,310,0.058424425179042595,mean_nll,-1,0.7322600015496268,0.12596561177656435,404
Genus,4,5306,310,0.058424425179042595,std_nll,-1,0.7220705596735453,0.1851072700894581,404
Genus,4,5306,310,0.058424425179042595,logistic_profile,-1,0.7763165371006482,0.2952119395083615,404
Family,0,5471,320,0.058490221166148784,mean_nll,-1,0.8801664725296059,0.2736932434308141,404
Family,0,5471,320,0.058490221166148784,std_nll,-1,0.7409498762376238,0.24821492597420972,404
Family,0,5471,320,0.058490221166148784,logistic_profile,-1,0.9255065763929334,0.553093003744387,404
Family,1,5476,320,0.05843681519357195,mean_nll,-1,0.8543971828937161,0.27335894963336926,404
Family,1,5476,320,0.05843681519357195,std_nll,-1,0.6769716107447634,0.1994701370182746,404
Family,1,5476,320,0.05843681519357195,logistic_profile,-1,0.8790498933281613,0.2762161629325559,404
Family,2,5495,320,0.05823475887170155,mean_nll,-1,0.9079830917874396,0.37944044612398203,404
Family,2,5495,320,0.05823475887170155,std_nll,-1,0.7513037439613527,0.2164455369745845,404
Family,2,5495,320,0.05823475887170155,logistic_profile,-1,0.9368907004830918,0.6968402327330488,404
Family,3,5500,320,0.05818181818181818,mean_nll,-1,0.868549107142857,0.31126830323065136,404
Family,3,5500,320,0.05818181818181818,std_nll,-1,0.7065739623552123,0.20961822944537112,404
Family,3,5500,320,0.05818181818181818,logistic_profile,-1,0.9164750241312742,0.546282283166716,404
Family,4,5306,310,0.058424425179042595,mean_nll,-1,0.8877185619463311,0.3766573173709181,404
Family,4,5306,310,0.058424425179042595,std_nll,-1,0.6844643456700844,0.17421024993235046,404
Family,4,5306,310,0.058424425179042595,logistic_profile,-1,0.9144128205790438,0.6254681590359739,404
Order,0,5471,320,0.058490221166148784,mean_nll,-1,0.9433071248301301,0.49838728657615544,404
Order,0,5471,320,0.058490221166148784,std_nll,-1,0.6017875776548243,0.17352682251246543,404
Order,0,5471,320,0.058490221166148784,logistic_profile,-1,0.9753033391574452,0.8331412208028252,404
Order,1,5476,320,0.05843681519357195,mean_nll,-1,0.9402522546547711,0.5151095659677041,404
Order,1,5476,320,0.05843681519357195,std_nll,-1,0.5763930978471684,0.13609502072854907,404
Order,1,5476,320,0.05843681519357195,logistic_profile,-1,0.9470259164080683,0.4642749934814794,404
Order,2,5495,320,0.05823475887170155,mean_nll,-1,0.9643115942028986,0.6640371525999029,404
Order,2,5495,320,0.05823475887170155,std_nll,-1,0.6213683574879227,0.1301238827650913,404
Order,2,5495,320,0.05823475887170155,logistic_profile,-1,0.9809903381642513,0.8740604866205034,404
Order,3,5500,320,0.05818181818181818,mean_nll,-1,0.9404744811776061,0.5932209699508273,404
Order,3,5500,320,0.05818181818181818,std_nll,-1,0.5681503378378379,0.15146959174889926,404
Order,3,5500,320,0.05818181818181818,logistic_profile,-1,0.9646332046332047,0.78974832494859,404
Order,4,5306,310,0.058424425179042595,mean_nll,-1,0.9475444872026654,0.6593070542507586,404
Order,4,5306,310,0.058424425179042595,std_nll,-1,0.524779501020171,0.10560088595602715,404
Order,4,5306,310,0.058424425179042595,logistic_profile,-1,0.9627263100803222,0.7771108513463417,404
Phylum,0,5471,320,0.058490221166148784,mean_nll,-1,0.9862933168316831,0.8297037382216507,404
Phylum,0,5471,320,0.058490221166148784,std_nll,-1,0.3174553484760241,0.04970028755283549,404
Phylum,0,5471,320,0.058490221166148784,logistic_profile,-1,0.9961008784701999,0.961549202121707,404
Phylum,1,5476,320,0.05843681519357195,mean_nll,-1,0.9893067542668735,0.8631010502946985,404
Phylum,1,5476,320,0.05843681519357195,std_nll,-1,0.26108841640806824,0.037902774618005994,404
Phylum,1,5476,320,0.05843681519357195,logistic_profile,-1,0.982955234193173,0.7350510997072216,404
Phylum,2,5495,320,0.05823475887170155,mean_nll,-1,0.9954873188405797,0.9431685946092495,404
Phylum,2,5495,320,0.05823475887170155,std_nll,-1,0.2981914251207729,0.041343435644703545,404
Phylum,2,5495,320,0.05823475887170155,logistic_profile,-1,0.9981920289855073,0.9725372904368064,404
Phylum,3,5500,320,0.05818181818181818,mean_nll,-1,0.9923920125482626,0.9124862994861871,404
Phylum,3,5500,320,0.05818181818181818,std_nll,-1,0.2803444739382239,0.04397767988983155,404
Phylum,3,5500,320,0.05818181818181818,logistic_profile,-1,0.9946862934362936,0.9563447345171399,404
Phylum,4,5306,310,0.058424425179042595,mean_nll,-1,0.994226994498825,0.9412739140702123,404
Phylum,4,5306,310,0.058424425179042595,std_nll,-1,0.23234200263436558,0.03655405363104336,404
Phylum,4,5306,310,0.058424425179042595,logistic_profile,-1,0.9976116376972546,0.9698673173977918,404
Novelty,0,5471,320,0.058490221166148784,mean_nll,-1,0.9974379974762183,0.9626855929584128,404
Novelty,0,5471,320,0.058490221166148784,std_nll,-1,0.12035860755193166,0.0330909227057036,404
Novelty,0,5471,320,0.058490221166148784,logistic_profile,-1,0.9996930207726655,0.9956630916745227,404
Novelty,1,5476,320,0.05843681519357195,mean_nll,-1,0.998039298875097,0.9715828807632022,404
Novelty,1,5476,320,0.05843681519357195,std_nll,-1,0.09583434348332041,0.030893460941346287,404
Novelty,1,5476,320,0.05843681519357195,logistic_profile,-1,0.9974938178820791,0.95952406057038,404
Novelty,2,5495,320,0.05823475887170155,mean_nll,-1,0.9998188405797102,0.9972625561119982,404
Novelty,2,5495,320,0.05823475887170155,std_nll,-1,0.08752657004830916,0.03061376975999479,404
Novelty,2,5495,320,0.05823475887170155,logistic_profile,-1,0.9998454106280192,0.9975611104455042,404
Novelty,3,5500,320,0.05818181818181818,mean_nll,-1,0.9990269063706564,0.9865639582182807,404
Novelty,3,5500,320,0.05818181818181818,std_nll,-1,0.10393068291505791,0.030886380458026722,404
Novelty,3,5500,320,0.05818181818181818,logistic_profile,-1,0.9993418194980696,0.991479990143916,404
Novelty,4,5306,310,0.058424425179042595,mean_nll,-1,0.999593222965469,0.9950402969136335,404
Novelty,4,5306,310,0.058424425179042595,std_nll,-1,0.07581097135773135,0.030534125076800277,404
Novelty,4,5306,310,0.058424425179042595,logistic_profile,-1,0.9994808750225986,0.9949268513950354,404
Noise,0,5471,320,0.058490221166148784,mean_nll,-1,0.9996390264026404,0.9943745003013661,404
Noise,0,5471,320,0.058490221166148784,std_nll,-1,0.02888516792855756,0.030040565386485203,404
Noise,0,5471,320,0.058490221166148784,logistic_profile,-1,0.9999623859444767,0.9993930110753069,404
Noise,1,5476,320,0.05843681519357195,mean_nll,-1,0.9995248254460822,0.9931839004689719,404
Noise,1,5476,320,0.05843681519357195,std_nll,-1,0.02614429790535299,0.02999829275215528,404
Noise,1,5476,320,0.05843681519357195,logistic_profile,-1,0.9994023952676494,0.9911169056617402,404
Noise,2,5495,320,0.05823475887170155,mean_nll,-1,0.9999601449275363,0.9993749976647383,404
Noise,2,5495,320,0.05823475887170155,std_nll,-1,0.043705917874396136,0.030009544556772325,404
Noise,2,5495,320,0.05823475887170155,logistic_profile,-1,0.9999849033816426,0.9997709814900593,404
Noise,3,5500,320,0.05818181818181818,mean_nll,-1,0.9999083011583011,0.9985111775218616,404
Noise,3,5500,320,0.05818181818181818,std_nll,-1,0.03675374034749035,0.029914368026760594,404
Noise,3,5500,320,0.05818181818181818,logistic_profile,-1,0.9999511341698841,0.9991914673497949,404
Noise,4,5306,310,0.058424425179042595,mean_nll,-1,0.9999509284847233,0.9992898757283585,404
Noise,4,5306,310,0.058424425179042595,std_nll,-1,0.021895580980913765,0.02997465647364513,404
Noise,4,5306,310,0.058424425179042595,logistic_profile,-1,0.9999554482295513,0.9993042099428557,404
Species,0,5468,317,0.057973664959765914,tiny_mlp,42,0.6879090581167971,0.11105801655785652,42
Species,0,5468,317,0.057973664959765914,tiny_mlp,123,0.6775726375755037,0.118465184190818,42
Species,0,5468,317,0.057973664959765914,tiny_mlp,7,0.6790124364078641,0.11473312496866953,42
Species,0,5468,317,0.057973664959765914,tiny_mlp,13,0.6829956144621698,0.1141423529542678,42
Species,0,5468,317,0.057973664959765914,tiny_mlp,21,0.6688432064583337,0.11350471155686515,42
Species,1,5473,317,0.05792070162616481,tiny_mlp,42,0.6590392376160327,0.10450139411874015,42
Species,1,5473,317,0.05792070162616481,tiny_mlp,123,0.6595189090900192,0.10791372269907462,42
Species,1,5473,317,0.05792070162616481,tiny_mlp,7,0.6621369119435749,0.10216408517499184,42
Species,1,5473,317,0.05792070162616481,tiny_mlp,13,0.6655001186942167,0.1112249986602679,42
Species,1,5473,317,0.05792070162616481,tiny_mlp,21,0.6723635811880679,0.11223960350516286,42
Species,2,5493,318,0.05789186237028946,tiny_mlp,42,0.6832084586637499,0.1255923113324262,42
Species,2,5493,318,0.05789186237028946,tiny_mlp,123,0.6832424877707897,0.1155076087821206,42
Species,2,5493,318,0.05789186237028946,tiny_mlp,7,0.6756254367575123,0.1177973822669697,42
Species,2,5493,318,0.05789186237028946,tiny_mlp,13,0.6869832588946617,0.12661890642376047,42
Species,2,5493,318,0.05789186237028946,tiny_mlp,21,0.6850022787348465,0.12596190107446914,42
Species,3,5500,320,0.05818181818181818,tiny_mlp,42,0.6697423986486487,0.09921276957626131,42
Species,3,5500,320,0.05818181818181818,tiny_mlp,123,0.6610943532818532,0.10243309151657623,42
Species,3,5500,320,0.05818181818181818,tiny_mlp,7,0.6631219835907336,0.10230858189411277,42
Species,3,5500,320,0.05818181818181818,tiny_mlp,13,0.6645149613899615,0.1060694020685406,42
Species,3,5500,320,0.05818181818181818,tiny_mlp,21,0.6528882118725869,0.10123658798180879,42
Species,4,5306,310,0.058424425179042595,tiny_mlp,42,0.6703369146930447,0.11357409474828997,42
Species,4,5306,310,0.058424425179042595,tiny_mlp,123,0.664392158888401,0.11325593612935655,42
Species,4,5306,310,0.058424425179042595,tiny_mlp,7,0.5745499625506857,0.07242735138517065,42
Species,4,5306,310,0.058424425179042595,tiny_mlp,13,0.66753467289961,0.1081798041228179,42
Species,4,5306,310,0.058424425179042595,tiny_mlp,21,0.6617448797747876,0.10981436246414575,42
Genus,0,5471,320,0.058490221166148784,tiny_mlp,42,0.8796841632692681,0.4456593627824616,42
Genus,0,5471,320,0.058490221166148784,tiny_mlp,123,0.8800287565521258,0.43636648192054317,42
Genus,0,5471,320,0.058490221166148784,tiny_mlp,7,0.914856338575034,0.43221470197088097,42
Genus,0,5471,320,0.058490221166148784,tiny_mlp,13,0.8739589400116481,0.4480717801300635,42
Genus,0,5471,320,0.058490221166148784,tiny_mlp,21,0.8761739225393127,0.44469863751131833,42
Genus,1,5476,320,0.05843681519357195,tiny_mlp,42,0.8738066088052754,0.2422919959045819,42
Genus,1,5476,320,0.05843681519357195,tiny_mlp,123,0.8690688033359194,0.24124657098836255,42
Genus,1,5476,320,0.05843681519357195,tiny_mlp,7,0.8741375339410397,0.24952921567255193,42
Genus,1,5476,320,0.05843681519357195,tiny_mlp,13,0.8741157147013188,0.24007245001117497,42
Genus,1,5476,320,0.05843681519357195,tiny_mlp,21,0.8748466592319626,0.25094507209193956,42
Genus,2,5495,320,0.05823475887170155,tiny_mlp,42,0.9077161835748794,0.5229795005475862,42
Genus,2,5495,320,0.05823475887170155,tiny_mlp,123,0.89318538647343,0.5127324282765966,42
Genus,2,5495,320,0.05823475887170155,tiny_mlp,7,0.8948623188405798,0.5055971149862083,42
Genus,2,5495,320,0.05823475887170155,tiny_mlp,13,0.9096171497584542,0.5197955177243094,42
Genus,2,5495,320,0.05823475887170155,tiny_mlp,21,0.9149788647342995,0.5410028924978699,42
Genus,3,5500,320,0.05818181818181818,tiny_mlp,42,0.8937584459459461,0.38018252553258264,42
Genus,3,5500,320,0.05818181818181818,tiny_mlp,123,0.8845837355212354,0.3648947342649216,42
Genus,3,5500,320,0.05818181818181818,tiny_mlp,7,0.8900452461389962,0.37762014600012705,42
Genus,3,5500,320,0.05818181818181818,tiny_mlp,13,0.8996157094594596,0.3850660252023114,42
Genus,3,5500,320,0.05818181818181818,tiny_mlp,21,0.8872653233590735,0.35860769403752285,42
Genus,4,5306,310,0.058424425179042595,tiny_mlp,42,0.877243084790413,0.38217785989391045,42
Genus,4,5306,310,0.058424425179042595,tiny_mlp,123,0.8749819210206876,0.3789904024084767,42
Genus,4,5306,310,0.058424425179042595,tiny_mlp,7,0.8539870606162349,0.2767901736108074,42
Genus,4,5306,310,0.058424425179042595,tiny_mlp,13,0.8639892559208657,0.33692648075937504,42
Genus,4,5306,310,0.058424425179042595,tiny_mlp,21,0.8699495079934916,0.35225305869498436,42
Family,0,5471,320,0.058490221166148784,tiny_mlp,42,0.9666339060376626,0.6943566392756203,42
Family,0,5471,320,0.058490221166148784,tiny_mlp,123,0.9658373374102116,0.7204167703186762,42
Family,0,5471,320,0.058490221166148784,tiny_mlp,7,0.9661540234905843,0.7138624598241592,42
Family,0,5471,320,0.058490221166148784,tiny_mlp,13,0.9694118860415453,0.7605322523319544,42
Family,0,5471,320,0.058490221166148784,tiny_mlp,21,0.9622227480100951,0.6724528561555071,42
Family,1,5476,320,0.05843681519357195,tiny_mlp,42,0.9419529431730024,0.4139784910590287,42
Family,1,5476,320,0.05843681519357195,tiny_mlp,123,0.9415195888285492,0.40987210334192564,42
Family,1,5476,320,0.05843681519357195,tiny_mlp,7,0.9408850126066719,0.41174806943271425,42
Family,1,5476,320,0.05843681519357195,tiny_mlp,13,0.9441130479053531,0.40302066517030377,42
Family,1,5476,320,0.05843681519357195,tiny_mlp,21,0.9461816330488749,0.4586632371936014,42
Family,2,5495,320,0.05823475887170155,tiny_mlp,42,0.9824541062801931,0.8681979356766928,42
Family,2,5495,320,0.05823475887170155,tiny_mlp,123,0.9801992753623189,0.8463779309612761,42
Family,2,5495,320,0.05823475887170155,tiny_mlp,7,0.9826201690821256,0.8647251992694585,42
Family,2,5495,320,0.05823475887170155,tiny_mlp,13,0.9825582729468598,0.864902062278864,42
Family,2,5495,320,0.05823475887170155,tiny_mlp,21,0.9822916666666666,0.8663751898837666,42
Family,3,5500,320,0.05818181818181818,tiny_mlp,42,0.9710002413127413,0.7695843911623259,42
Family,3,5500,320,0.05818181818181818,tiny_mlp,123,0.9696881032818533,0.7514116068613628,42
Family,3,5500,320,0.05818181818181818,tiny_mlp,7,0.9688157577220077,0.7497938851363047,42
Family,3,5500,320,0.05818181818181818,tiny_mlp,13,0.9722683397683398,0.7708469379238228,42
Family,3,5500,320,0.05818181818181818,tiny_mlp,21,0.9684338803088803,0.7507636043691044,42
Family,4,5306,310,0.058424425179042595,tiny_mlp,42,0.9612703065678349,0.7072846209927374,42
Family,4,5306,310,0.058424425179042595,tiny_mlp,123,0.964021539812495,0.744856739073725,42
Family,4,5306,310,0.058424425179042595,tiny_mlp,7,0.9578462770216173,0.684809959642917,42
Family,4,5306,310,0.058424425179042595,tiny_mlp,13,0.9625313153748806,0.7355111139441803,42
Family,4,5306,310,0.058424425179042595,tiny_mlp,21,0.9654120070249746,0.7361979157689101,42
Order,0,5471,320,0.058490221166148784,tiny_mlp,42,0.9891125509609785,0.8746070267978553,42
Order,0,5471,320,0.058490221166148784,tiny_mlp,123,0.9903228741991845,0.9021253043356937,42
Order,0,5471,320,0.058490221166148784,tiny_mlp,7,0.9892508736167734,0.8805582411197129,42
Order,0,5471,320,0.058490221166148784,tiny_mlp,13,0.9902179188507085,0.9022552100193116,42
Order,0,5471,320,0.058490221166148784,tiny_mlp,21,0.9884888856532713,0.8607100115108326,42
Order,1,5476,320,0.05843681519357195,tiny_mlp,42,0.9822633824670287,0.7519708653137864,42
Order,1,5476,320,0.05843681519357195,tiny_mlp,123,0.9804869326997672,0.7093878359058091,42
Order,1,5476,320,0.05843681519357195,tiny_mlp,7,0.9812924262994569,0.72641444893495,42
Order,1,5476,320,0.05843681519357195,tiny_mlp,13,0.9791517164468581,0.691200348569744,42
Order,1,5476,320,0.05843681519357195,tiny_mlp,21,0.9834313178820792,0.7556442559503587,42
Order,2,5495,320,0.05823475887170155,tiny_mlp,42,0.9970084541062803,0.9607968895548321,42
Order,2,5495,320,0.05823475887170155,tiny_mlp,123,0.9957264492753624,0.9532197229101171,42
Order,2,5495,320,0.05823475887170155,tiny_mlp,7,0.9964027777777777,0.9589218635550466,42
Order,2,5495,320,0.05823475887170155,tiny_mlp,13,0.996251811594203,0.957264983288431,42
Order,2,5495,320,0.05823475887170155,tiny_mlp,21,0.9968472222222222,0.9640600795448634,42
Order,3,5500,320,0.05818181818181818,tiny_mlp,42,0.9908789816602316,0.9096453206797716,42
Order,3,5500,320,0.05818181818181818,tiny_mlp,123,0.9869492036679537,0.8846978584137111,42
Order,3,5500,320,0.05818181818181818,tiny_mlp,7,0.9904379826254827,0.9034755157985441,42
Order,3,5500,320,0.05818181818181818,tiny_mlp,13,0.9892676158301159,0.9000210633130273,42
Order,3,5500,320,0.05818181818181818,tiny_mlp,21,0.9895312500000001,0.8999513449289693,42
Order,4,5306,310,0.058424425179042595,tiny_mlp,42,0.988576022108009,0.9117392096166559,42
Order,4,5306,310,0.058424425179042595,tiny_mlp,123,0.9866370515767452,0.9063704192921528,42
Order,4,5306,310,0.058424425179042595,tiny_mlp,7,0.9864323717038147,0.9038067219123914,42
Order,4,5306,310,0.058424425179042595,tiny_mlp,13,0.9860933908417057,0.8975251990755886,42
Order,4,5306,310,0.058424425179042595,tiny_mlp,21,0.9866138071747721,0.9011903894185684,42
Phylum,0,5471,320,0.058490221166148784,tiny_mlp,42,0.9985603523587653,0.978164525987754,42
Phylum,0,5471,320,0.058490221166148784,tiny_mlp,123,0.9934260337798486,0.9269897025433145,42
Phylum,0,5471,320,0.058490221166148784,tiny_mlp,7,0.9982272859638905,0.9742060296217295,42
Phylum,0,5471,320,0.058490221166148784,tiny_mlp,13,0.9984317365560086,0.9773098544426598,42
Phylum,0,5471,320,0.058490221166148784,tiny_mlp,21,0.9980847165598913,0.9694850840668805,42
Phylum,1,5476,320,0.05843681519357195,tiny_mlp,42,0.9972010764158263,0.9572169014407436,42
Phylum,1,5476,320,0.05843681519357195,tiny_mlp,123,0.9961907243987588,0.934714089323251,42
Phylum,1,5476,320,0.05843681519357195,tiny_mlp,7,0.9963677026764934,0.9436824797589833,42
Phylum,1,5476,320,0.05843681519357195,tiny_mlp,13,0.9962343628782001,0.9395667603294076,42
Phylum,1,5476,320,0.05843681519357195,tiny_mlp,21,0.9973198700543057,0.9558706379270971,42
Phylum,2,5495,320,0.05823475887170155,tiny_mlp,42,0.9992801932367149,0.9961429705689422,42
Phylum,2,5495,320,0.05823475887170155,tiny_mlp,123,0.9996231884057971,0.9966927951698057,42
Phylum,2,5495,320,0.05823475887170155,tiny_mlp,7,0.9991859903381642,0.9962885772638286,42
Phylum,2,5495,320,0.05823475887170155,tiny_mlp,13,0.9995356280193237,0.9956117187240767,42
Phylum,2,5495,320,0.05823475887170155,tiny_mlp,21,0.9997711352657005,0.9974058982077115,42
Phylum,3,5500,320,0.05818181818181818,tiny_mlp,42,0.9990100144787646,0.9860302820641378,42
Phylum,3,5500,320,0.05818181818181818,tiny_mlp,123,0.9986655405405405,0.9810018801740082,42
Phylum,3,5500,320,0.05818181818181818,tiny_mlp,7,0.999055863899614,0.9870894715909436,42
Phylum,3,5500,320,0.05818181818181818,tiny_mlp,13,0.9873715009652511,0.8717143602017977,42
Phylum,3,5500,320,0.05818181818181818,tiny_mlp,21,0.9987186293436293,0.9839618174630365,42
Phylum,4,5306,310,0.058424425179042595,tiny_mlp,42,0.9991083189131951,0.9862421689699752,42
Phylum,4,5306,310,0.058424425179042595,tiny_mlp,123,0.9989204266639119,0.9846907511371666,42
Phylum,4,5306,310,0.058424425179042595,tiny_mlp,7,0.9990566646865879,0.9856774889337091,42
Phylum,4,5306,310,0.058424425179042595,tiny_mlp,13,0.9986628012087089,0.9812164001206588,42
Phylum,4,5306,310,0.058424425179042595,tiny_mlp,21,0.9990908856117152,0.9866350731434617,42
Novelty,0,5471,320,0.058490221166148784,tiny_mlp,42,0.9999235585323238,0.998729114473793,42
Novelty,0,5471,320,0.058490221166148784,tiny_mlp,123,0.9998865511551156,0.9981376400028574,42
Novelty,0,5471,320,0.058490221166148784,tiny_mlp,7,0.9999271986022131,0.9987964833132794,42
Novelty,0,5471,320,0.058490221166148784,tiny_mlp,13,0.9985967530576586,0.9747453097128059,42
Novelty,0,5471,320,0.058490221166148784,tiny_mlp,21,0.9998719908755581,0.9978609354924037,42
Novelty,1,5476,320,0.05843681519357195,tiny_mlp,42,0.9995030062063615,0.991888620155489,42
Novelty,1,5476,320,0.05843681519357195,tiny_mlp,123,0.9991514740108611,0.9859762107560752,42
Novelty,1,5476,320,0.05843681519357195,tiny_mlp,7,0.9994672468968192,0.991326154396864,42
Novelty,1,5476,320,0.05843681519357195,tiny_mlp,13,0.9979817203258339,0.9674933572289308,42
Novelty,1,5476,320,0.05843681519357195,tiny_mlp,21,0.9995575543056633,0.9929862353527155,42
Novelty,2,5495,320,0.05823475887170155,tiny_mlp,42,0.9999933574879227,0.9998939015300365,42
Novelty,2,5495,320,0.05823475887170155,tiny_mlp,123,0.9999855072463767,0.9997698500368655,42
Novelty,2,5495,320,0.05823475887170155,tiny_mlp,7,0.9999939613526568,0.9999047480528116,42
Novelty,2,5495,320,0.05823475887170155,tiny_mlp,13,0.9999909420289855,0.9998553110284507,42
Novelty,2,5495,320,0.05823475887170155,tiny_mlp,21,0.9999951690821256,0.9999225341696534,42
Novelty,3,5500,320,0.05818181818181818,tiny_mlp,42,0.9998449565637066,0.9975085194716896,42
Novelty,3,5500,320,0.05818181818181818,tiny_mlp,123,0.9997484314671814,0.9957335220358592,42
Novelty,3,5500,320,0.05818181818181818,tiny_mlp,7,0.9998811534749035,0.9980627915476372,42
Novelty,3,5500,320,0.05818181818181818,tiny_mlp,13,0.9973684845559846,0.9648167606361322,42
Novelty,3,5500,320,0.05818181818181818,tiny_mlp,21,0.9998570222007722,0.9976697083272391,42
Novelty,4,5306,310,0.058424425179042595,tiny_mlp,42,0.9995790180531522,0.99491809795618,42
Novelty,4,5306,310,0.058424425179042595,tiny_mlp,123,0.9994292207959917,0.99275102112748,42
Novelty,4,5306,310,0.058424425179042595,tiny_mlp,7,0.9997507683566209,0.996313273876872,42
Novelty,4,5306,310,0.058424425179042595,tiny_mlp,13,0.999595159998967,0.9951043271522204,42
Novelty,4,5306,310,0.058424425179042595,tiny_mlp,21,0.9997275239546476,0.9960460286537438,42
Noise,0,5471,320,0.058490221166148784,tiny_mlp,42,0.9999842263638128,0.9997503467042606,42
Noise,0,5471,320,0.058490221166148784,tiny_mlp,123,0.9998871578334304,0.9982539120117073,42
Noise,0,5471,320,0.058490221166148784,tiny_mlp,7,0.9999793729372938,0.9996739705500388,42
Noise,0,5471,320,0.058490221166148784,tiny_mlp,13,0.9994212288875947,0.9890672207836219,42
Noise,0,5471,320,0.058490221166148784,tiny_mlp,21,0.9999854397204426,0.9997688247608513,42
Noise,1,5476,320,0.05843681519357195,tiny_mlp,42,0.9995951318851823,0.9931164871675134,42
Noise,1,5476,320,0.05843681519357195,tiny_mlp,123,0.9994836113266097,0.9906152031088432,42
Noise,1,5476,320,0.05843681519357195,tiny_mlp,7,0.9997733223429014,0.9963085054963451,42
Noise,1,5476,320,0.05843681519357195,tiny_mlp,13,0.9992151134600465,0.9867130178283793,42
Noise,1,5476,320,0.05843681519357195,tiny_mlp,21,0.9998036268425134,0.9967071398797329,42
Noise,2,5495,320,0.05823475887170155,tiny_mlp,42,1.0,0.9999999999999999,42
Noise,2,5495,320,0.05823475887170155,tiny_mlp,123,1.0,0.9999999999999999,42
Noise,2,5495,320,0.05823475887170155,tiny_mlp,7,1.0,1.0,42
Noise,2,5495,320,0.05823475887170155,tiny_mlp,13,0.9999999999999999,1.0,42
Noise,2,5495,320,0.05823475887170155,tiny_mlp,21,1.0,1.0,42
Noise,3,5500,320,0.05818181818181818,tiny_mlp,42,0.9999819015444015,0.9997002252688785,42
Noise,3,5500,320,0.05818181818181818,tiny_mlp,123,0.9997333494208495,0.9953292204165709,42
Noise,3,5500,320,0.05818181818181818,tiny_mlp,7,0.9999831081081082,0.9997233821828533,42
Noise,3,5500,320,0.05818181818181818,tiny_mlp,13,0.9994298986486486,0.9914104758617193,42
Noise,3,5500,320,0.05818181818181818,tiny_mlp,21,0.999706805019305,0.9951911056510462,42
Noise,4,5306,310,0.058424425179042595,tiny_mlp,42,0.9999509284847232,0.9991971115133038,42
Noise,4,5306,310,0.058424425179042595,tiny_mlp,123,0.9998669903664866,0.997786217889864,42
Noise,4,5306,310,0.058424425179042595,tiny_mlp,7,0.9999541568738862,0.9992541178281068,42
Noise,4,5306,310,0.058424425179042595,tiny_mlp,13,0.9999192902709264,0.9987433429305053,42
Noise,4,5306,310,0.058424425179042595,tiny_mlp,21,0.9999548025517188,0.999274033087417,42
Species,0,5468,317,0.057973664959765914,tiny_mlp,42,0.6879090581167971,0.11105801655785652,101
Species,0,5468,317,0.057973664959765914,tiny_mlp,123,0.6775726375755037,0.118465184190818,101
Species,0,5468,317,0.057973664959765914,tiny_mlp,7,0.6790124364078641,0.11473312496866953,101
Species,0,5468,317,0.057973664959765914,tiny_mlp,13,0.6829956144621698,0.1141423529542678,101
Species,0,5468,317,0.057973664959765914,tiny_mlp,21,0.6688432064583337,0.11350471155686515,101
Species,1,5473,317,0.05792070162616481,tiny_mlp,42,0.6590392376160327,0.10450139411874015,101
Species,1,5473,317,0.05792070162616481,tiny_mlp,123,0.6595189090900192,0.10791372269907462,101
Species,1,5473,317,0.05792070162616481,tiny_mlp,7,0.6621369119435749,0.10216408517499184,101
Species,1,5473,317,0.05792070162616481,tiny_mlp,13,0.6655001186942167,0.1112249986602679,101
Species,1,5473,317,0.05792070162616481,tiny_mlp,21,0.6723635811880679,0.11223960350516286,101
Species,2,5493,318,0.05789186237028946,tiny_mlp,42,0.6832084586637499,0.1255923113324262,101
Species,2,5493,318,0.05789186237028946,tiny_mlp,123,0.6832424877707897,0.1155076087821206,101
Species,2,5493,318,0.05789186237028946,tiny_mlp,7,0.6756254367575123,0.1177973822669697,101
Species,2,5493,318,0.05789186237028946,tiny_mlp,13,0.6869832588946617,0.12661890642376047,101
Species,2,5493,318,0.05789186237028946,tiny_mlp,21,0.6850022787348465,0.12596190107446914,101
Species,3,5500,320,0.05818181818181818,tiny_mlp,42,0.6697423986486487,0.09921276957626131,101
Species,3,5500,320,0.05818181818181818,tiny_mlp,123,0.6610943532818532,0.10243309151657623,101
Species,3,5500,320,0.05818181818181818,tiny_mlp,7,0.6631219835907336,0.10230858189411277,101
Species,3,5500,320,0.05818181818181818,tiny_mlp,13,0.6645149613899615,0.1060694020685406,101
Species,3,5500,320,0.05818181818181818,tiny_mlp,21,0.6528882118725869,0.10123658798180879,101
Species,4,5306,310,0.058424425179042595,tiny_mlp,42,0.6703369146930447,0.11357409474828997,101
Species,4,5306,310,0.058424425179042595,tiny_mlp,123,0.664392158888401,0.11325593612935655,101
Species,4,5306,310,0.058424425179042595,tiny_mlp,7,0.5745499625506857,0.07242735138517065,101
Species,4,5306,310,0.058424425179042595,tiny_mlp,13,0.66753467289961,0.1081798041228179,101
Species,4,5306,310,0.058424425179042595,tiny_mlp,21,0.6617448797747876,0.10981436246414575,101
Genus,0,5471,320,0.058490221166148784,tiny_mlp,42,0.8796841632692681,0.4456593627824616,101
Genus,0,5471,320,0.058490221166148784,tiny_mlp,123,0.8800287565521258,0.43636648192054317,101
Genus,0,5471,320,0.058490221166148784,tiny_mlp,7,0.914856338575034,0.43221470197088097,101
Genus,0,5471,320,0.058490221166148784,tiny_mlp,13,0.8739589400116481,0.4480717801300635,101
Genus,0,5471,320,0.058490221166148784,tiny_mlp,21,0.8761739225393127,0.44469863751131833,101
Genus,1,5476,320,0.05843681519357195,tiny_mlp,42,0.8738066088052754,0.2422919959045819,101
Genus,1,5476,320,0.05843681519357195,tiny_mlp,123,0.8690688033359194,0.24124657098836255,101
Genus,1,5476,320,0.05843681519357195,tiny_mlp,7,0.8741375339410397,0.24952921567255193,101
Genus,1,5476,320,0.05843681519357195,tiny_mlp,13,0.8741157147013188,0.24007245001117497,101
Genus,1,5476,320,0.05843681519357195,tiny_mlp,21,0.8748466592319626,0.25094507209193956,101
Genus,2,5495,320,0.05823475887170155,tiny_mlp,42,0.9077161835748794,0.5229795005475862,101
Genus,2,5495,320,0.05823475887170155,tiny_mlp,123,0.89318538647343,0.5127324282765966,101
Genus,2,5495,320,0.05823475887170155,tiny_mlp,7,0.8948623188405798,0.5055971149862083,101
Genus,2,5495,320,0.05823475887170155,tiny_mlp,13,0.9096171497584542,0.5197955177243094,101
Genus,2,5495,320,0.05823475887170155,tiny_mlp,21,0.9149788647342995,0.5410028924978699,101
Genus,3,5500,320,0.05818181818181818,tiny_mlp,42,0.8937584459459461,0.38018252553258264,101
Genus,3,5500,320,0.05818181818181818,tiny_mlp,123,0.8845837355212354,0.3648947342649216,101
Genus,3,5500,320,0.05818181818181818,tiny_mlp,7,0.8900452461389962,0.37762014600012705,101
Genus,3,5500,320,0.05818181818181818,tiny_mlp,13,0.8996157094594596,0.3850660252023114,101
Genus,3,5500,320,0.05818181818181818,tiny_mlp,21,0.8872653233590735,0.35860769403752285,101
Genus,4,5306,310,0.058424425179042595,tiny_mlp,42,0.877243084790413,0.38217785989391045,101
Genus,4,5306,310,0.058424425179042595,tiny_mlp,123,0.8749819210206876,0.3789904024084767,101
Genus,4,5306,310,0.058424425179042595,tiny_mlp,7,0.8539870606162349,0.2767901736108074,101
Genus,4,5306,310,0.058424425179042595,tiny_mlp,13,0.8639892559208657,0.33692648075937504,101
Genus,4,5306,310,0.058424425179042595,tiny_mlp,21,0.8699495079934916,0.35225305869498436,101
Family,0,5471,320,0.058490221166148784,tiny_mlp,42,0.9666339060376626,0.6943566392756203,101
Family,0,5471,320,0.058490221166148784,tiny_mlp,123,0.9658373374102116,0.7204167703186762,101
Family,0,5471,320,0.058490221166148784,tiny_mlp,7,0.9661540234905843,0.7138624598241592,101
Family,0,5471,320,0.058490221166148784,tiny_mlp,13,0.9694118860415453,0.7605322523319544,101
Family,0,5471,320,0.058490221166148784,tiny_mlp,21,0.9622227480100951,0.6724528561555071,101
Family,1,5476,320,0.05843681519357195,tiny_mlp,42,0.9419529431730024,0.4139784910590287,101
Family,1,5476,320,0.05843681519357195,tiny_mlp,123,0.9415195888285492,0.40987210334192564,101
Family,1,5476,320,0.05843681519357195,tiny_mlp,7,0.9408850126066719,0.41174806943271425,101
Family,1,5476,320,0.05843681519357195,tiny_mlp,13,0.9441130479053531,0.40302066517030377,101
Family,1,5476,320,0.05843681519357195,tiny_mlp,21,0.9461816330488749,0.4586632371936014,101
Family,2,5495,320,0.05823475887170155,tiny_mlp,42,0.9824541062801931,0.8681979356766928,101
Family,2,5495,320,0.05823475887170155,tiny_mlp,123,0.9801992753623189,0.8463779309612761,101
Family,2,5495,320,0.05823475887170155,tiny_mlp,7,0.9826201690821256,0.8647251992694585,101
Family,2,5495,320,0.05823475887170155,tiny_mlp,13,0.9825582729468598,0.864902062278864,101
Family,2,5495,320,0.05823475887170155,tiny_mlp,21,0.9822916666666666,0.8663751898837666,101
Family,3,5500,320,0.05818181818181818,tiny_mlp,42,0.9710002413127413,0.7695843911623259,101
Family,3,5500,320,0.05818181818181818,tiny_mlp,123,0.9696881032818533,0.7514116068613628,101
Family,3,5500,320,0.05818181818181818,tiny_mlp,7,0.9688157577220077,0.7497938851363047,101
Family,3,5500,320,0.05818181818181818,tiny_mlp,13,0.9722683397683398,0.7708469379238228,101
Family,3,5500,320,0.05818181818181818,tiny_mlp,21,0.9684338803088803,0.7507636043691044,101
Family,4,5306,310,0.058424425179042595,tiny_mlp,42,0.9612703065678349,0.7072846209927374,101
Family,4,5306,310,0.058424425179042595,tiny_mlp,123,0.964021539812495,0.744856739073725,101
Family,4,5306,310,0.058424425179042595,tiny_mlp,7,0.9578462770216173,0.684809959642917,101
Family,4,5306,310,0.058424425179042595,tiny_mlp,13,0.9625313153748806,0.7355111139441803,101
Family,4,5306,310,0.058424425179042595,tiny_mlp,21,0.9654120070249746,0.7361979157689101,101
Order,0,5471,320,0.058490221166148784,tiny_mlp,42,0.9891125509609785,0.8746070267978553,101
Order,0,5471,320,0.058490221166148784,tiny_mlp,123,0.9903228741991845,0.9021253043356937,101
Order,0,5471,320,0.058490221166148784,tiny_mlp,7,0.9892508736167734,0.8805582411197129,101
Order,0,5471,320,0.058490221166148784,tiny_mlp,13,0.9902179188507085,0.9022552100193116,101
Order,0,5471,320,0.058490221166148784,tiny_mlp,21,0.9884888856532713,0.8607100115108326,101
Order,1,5476,320,0.05843681519357195,tiny_mlp,42,0.9822633824670287,0.7519708653137864,101
Order,1,5476,320,0.05843681519357195,tiny_mlp,123,0.9804869326997672,0.7093878359058091,101
Order,1,5476,320,0.05843681519357195,tiny_mlp,7,0.9812924262994569,0.72641444893495,101
Order,1,5476,320,0.05843681519357195,tiny_mlp,13,0.9791517164468581,0.691200348569744,101
Order,1,5476,320,0.05843681519357195,tiny_mlp,21,0.9834313178820792,0.7556442559503587,101
Order,2,5495,320,0.05823475887170155,tiny_mlp,42,0.9970084541062803,0.9607968895548321,101
Order,2,5495,320,0.05823475887170155,tiny_mlp,123,0.9957264492753624,0.9532197229101171,101
Order,2,5495,320,0.05823475887170155,tiny_mlp,7,0.9964027777777777,0.9589218635550466,101
Order,2,5495,320,0.05823475887170155,tiny_mlp,13,0.996251811594203,0.957264983288431,101
Order,2,5495,320,0.05823475887170155,tiny_mlp,21,0.9968472222222222,0.9640600795448634,101
Order,3,5500,320,0.05818181818181818,tiny_mlp,42,0.9908789816602316,0.9096453206797716,101
Order,3,5500,320,0.05818181818181818,tiny_mlp,123,0.9869492036679537,0.8846978584137111,101
Order,3,5500,320,0.05818181818181818,tiny_mlp,7,0.9904379826254827,0.9034755157985441,101
Order,3,5500,320,0.05818181818181818,tiny_mlp,13,0.9892676158301159,0.9000210633130273,101
Order,3,5500,320,0.05818181818181818,tiny_mlp,21,0.9895312500000001,0.8999513449289693,101
Order,4,5306,310,0.058424425179042595,tiny_mlp,42,0.988576022108009,0.9117392096166559,101
Order,4,5306,310,0.058424425179042595,tiny_mlp,123,0.9866370515767452,0.9063704192921528,101
Order,4,5306,310,0.058424425179042595,tiny_mlp,7,0.9864323717038147,0.9038067219123914,101
Order,4,5306,310,0.058424425179042595,tiny_mlp,13,0.9860933908417057,0.8975251990755886,101
Order,4,5306,310,0.058424425179042595,tiny_mlp,21,0.9866138071747721,0.9011903894185684,101
Phylum,0,5471,320,0.058490221166148784,tiny_mlp,42,0.9985603523587653,0.978164525987754,101
Phylum,0,5471,320,0.058490221166148784,tiny_mlp,123,0.9934260337798486,0.9269897025433145,101
Phylum,0,5471,320,0.058490221166148784,tiny_mlp,7,0.9982272859638905,0.9742060296217295,101
Phylum,0,5471,320,0.058490221166148784,tiny_mlp,13,0.9984317365560086,0.9773098544426598,101
Phylum,0,5471,320,0.058490221166148784,tiny_mlp,21,0.9980847165598913,0.9694850840668805,101
Phylum,1,5476,320,0.05843681519357195,tiny_mlp,42,0.9972010764158263,0.9572169014407436,101
Phylum,1,5476,320,0.05843681519357195,tiny_mlp,123,0.9961907243987588,0.934714089323251,101
Phylum,1,5476,320,0.05843681519357195,tiny_mlp,7,0.9963677026764934,0.9436824797589833,101
Phylum,1,5476,320,0.05843681519357195,tiny_mlp,13,0.9962343628782001,0.9395667603294076,101
Phylum,1,5476,320,0.05843681519357195,tiny_mlp,21,0.9973198700543057,0.9558706379270971,101
Phylum,2,5495,320,0.05823475887170155,tiny_mlp,42,0.9992801932367149,0.9961429705689422,101
Phylum,2,5495,320,0.05823475887170155,tiny_mlp,123,0.9996231884057971,0.9966927951698057,101
Phylum,2,5495,320,0.05823475887170155,tiny_mlp,7,0.9991859903381642,0.9962885772638286,101
Phylum,2,5495,320,0.05823475887170155,tiny_mlp,13,0.9995356280193237,0.9956117187240767,101
Phylum,2,5495,320,0.05823475887170155,tiny_mlp,21,0.9997711352657005,0.9974058982077115,101
Phylum,3,5500,320,0.05818181818181818,tiny_mlp,42,0.9990100144787646,0.9860302820641378,101
Phylum,3,5500,320,0.05818181818181818,tiny_mlp,123,0.9986655405405405,0.9810018801740082,101
Phylum,3,5500,320,0.05818181818181818,tiny_mlp,7,0.999055863899614,0.9870894715909436,101
Phylum,3,5500,320,0.05818181818181818,tiny_mlp,13,0.9873715009652511,0.8717143602017977,101
Phylum,3,5500,320,0.05818181818181818,tiny_mlp,21,0.9987186293436293,0.9839618174630365,101
Phylum,4,5306,310,0.058424425179042595,tiny_mlp,42,0.9991083189131951,0.9862421689699752,101
Phylum,4,5306,310,0.058424425179042595,tiny_mlp,123,0.9989204266639119,0.9846907511371666,101
Phylum,4,5306,310,0.058424425179042595,tiny_mlp,7,0.9990566646865879,0.9856774889337091,101
Phylum,4,5306,310,0.058424425179042595,tiny_mlp,13,0.9986628012087089,0.9812164001206588,101
Phylum,4,5306,310,0.058424425179042595,tiny_mlp,21,0.9990908856117152,0.9866350731434617,101
Novelty,0,5471,320,0.058490221166148784,tiny_mlp,42,0.9999235585323238,0.998729114473793,101
Novelty,0,5471,320,0.058490221166148784,tiny_mlp,123,0.9998865511551156,0.9981376400028574,101
Novelty,0,5471,320,0.058490221166148784,tiny_mlp,7,0.9999271986022131,0.9987964833132794,101
Novelty,0,5471,320,0.058490221166148784,tiny_mlp,13,0.9985967530576586,0.9747453097128059,101
Novelty,0,5471,320,0.058490221166148784,tiny_mlp,21,0.9998719908755581,0.9978609354924037,101
Novelty,1,5476,320,0.05843681519357195,tiny_mlp,42,0.9995030062063615,0.991888620155489,101
Novelty,1,5476,320,0.05843681519357195,tiny_mlp,123,0.9991514740108611,0.9859762107560752,101
Novelty,1,5476,320,0.05843681519357195,tiny_mlp,7,0.9994672468968192,0.991326154396864,101
Novelty,1,5476,320,0.05843681519357195,tiny_mlp,13,0.9979817203258339,0.9674933572289308,101
Novelty,1,5476,320,0.05843681519357195,tiny_mlp,21,0.9995575543056633,0.9929862353527155,101
Novelty,2,5495,320,0.05823475887170155,tiny_mlp,42,0.9999933574879227,0.9998939015300365,101
Novelty,2,5495,320,0.05823475887170155,tiny_mlp,123,0.9999855072463767,0.9997698500368655,101
Novelty,2,5495,320,0.05823475887170155,tiny_mlp,7,0.9999939613526568,0.9999047480528116,101
Novelty,2,5495,320,0.05823475887170155,tiny_mlp,13,0.9999909420289855,0.9998553110284507,101
Novelty,2,5495,320,0.05823475887170155,tiny_mlp,21,0.9999951690821256,0.9999225341696534,101
Novelty,3,5500,320,0.05818181818181818,tiny_mlp,42,0.9998449565637066,0.9975085194716896,101
Novelty,3,5500,320,0.05818181818181818,tiny_mlp,123,0.9997484314671814,0.9957335220358592,101
Novelty,3,5500,320,0.05818181818181818,tiny_mlp,7,0.9998811534749035,0.9980627915476372,101
Novelty,3,5500,320,0.05818181818181818,tiny_mlp,13,0.9973684845559846,0.9648167606361322,101
Novelty,3,5500,320,0.05818181818181818,tiny_mlp,21,0.9998570222007722,0.9976697083272391,101
Novelty,4,5306,310,0.058424425179042595,tiny_mlp,42,0.9995790180531522,0.99491809795618,101
Novelty,4,5306,310,0.058424425179042595,tiny_mlp,123,0.9994292207959917,0.99275102112748,101
Novelty,4,5306,310,0.058424425179042595,tiny_mlp,7,0.9997507683566209,0.996313273876872,101
Novelty,4,5306,310,0.058424425179042595,tiny_mlp,13,0.999595159998967,0.9951043271522204,101
Novelty,4,5306,310,0.058424425179042595,tiny_mlp,21,0.9997275239546476,0.9960460286537438,101
Noise,0,5471,320,0.058490221166148784,tiny_mlp,42,0.9999842263638128,0.9997503467042606,101
Noise,0,5471,320,0.058490221166148784,tiny_mlp,123,0.9998871578334304,0.9982539120117073,101
Noise,0,5471,320,0.058490221166148784,tiny_mlp,7,0.9999793729372938,0.9996739705500388,101
Noise,0,5471,320,0.058490221166148784,tiny_mlp,13,0.9994212288875947,0.9890672207836219,101
Noise,0,5471,320,0.058490221166148784,tiny_mlp,21,0.9999854397204426,0.9997688247608513,101
Noise,1,5476,320,0.05843681519357195,tiny_mlp,42,0.9995951318851823,0.9931164871675134,101
Noise,1,5476,320,0.05843681519357195,tiny_mlp,123,0.9994836113266097,0.9906152031088432,101
Noise,1,5476,320,0.05843681519357195,tiny_mlp,7,0.9997733223429014,0.9963085054963451,101
Noise,1,5476,320,0.05843681519357195,tiny_mlp,13,0.9992151134600465,0.9867130178283793,101
Noise,1,5476,320,0.05843681519357195,tiny_mlp,21,0.9998036268425134,0.9967071398797329,101
Noise,2,5495,320,0.05823475887170155,tiny_mlp,42,1.0,0.9999999999999999,101
Noise,2,5495,320,0.05823475887170155,tiny_mlp,123,1.0,0.9999999999999999,101
Noise,2,5495,320,0.05823475887170155,tiny_mlp,7,1.0,1.0,101
Noise,2,5495,320,0.05823475887170155,tiny_mlp,13,0.9999999999999999,1.0,101
Noise,2,5495,320,0.05823475887170155,tiny_mlp,21,1.0,1.0,101
Noise,3,5500,320,0.05818181818181818,tiny_mlp,42,0.9999819015444015,0.9997002252688785,101
Noise,3,5500,320,0.05818181818181818,tiny_mlp,123,0.9997333494208495,0.9953292204165709,101
Noise,3,5500,320,0.05818181818181818,tiny_mlp,7,0.9999831081081082,0.9997233821828533,101
Noise,3,5500,320,0.05818181818181818,tiny_mlp,13,0.9994298986486486,0.9914104758617193,101
Noise,3,5500,320,0.05818181818181818,tiny_mlp,21,0.999706805019305,0.9951911056510462,101
Noise,4,5306,310,0.058424425179042595,tiny_mlp,42,0.9999509284847232,0.9991971115133038,101
Noise,4,5306,310,0.058424425179042595,tiny_mlp,123,0.9998669903664866,0.997786217889864,101
Noise,4,5306,310,0.058424425179042595,tiny_mlp,7,0.9999541568738862,0.9992541178281068,101
Noise,4,5306,310,0.058424425179042595,tiny_mlp,13,0.9999192902709264,0.9987433429305053,101
Noise,4,5306,310,0.058424425179042595,tiny_mlp,21,0.9999548025517188,0.999274033087417,101
Species,0,5468,317,0.057973664959765914,tiny_mlp,42,0.6879090581167971,0.11105801655785652,202
Species,0,5468,317,0.057973664959765914,tiny_mlp,123,0.6775726375755037,0.118465184190818,202
Species,0,5468,317,0.057973664959765914,tiny_mlp,7,0.6790124364078641,0.11473312496866953,202
Species,0,5468,317,0.057973664959765914,tiny_mlp,13,0.6829956144621698,0.1141423529542678,202
Species,0,5468,317,0.057973664959765914,tiny_mlp,21,0.6688432064583337,0.11350471155686515,202
Species,1,5473,317,0.05792070162616481,tiny_mlp,42,0.6590392376160327,0.10450139411874015,202
Species,1,5473,317,0.05792070162616481,tiny_mlp,123,0.6595189090900192,0.10791372269907462,202
Species,1,5473,317,0.05792070162616481,tiny_mlp,7,0.6621369119435749,0.10216408517499184,202
Species,1,5473,317,0.05792070162616481,tiny_mlp,13,0.6655001186942167,0.1112249986602679,202
Species,1,5473,317,0.05792070162616481,tiny_mlp,21,0.6723635811880679,0.11223960350516286,202
Species,2,5493,318,0.05789186237028946,tiny_mlp,42,0.6832084586637499,0.1255923113324262,202
Species,2,5493,318,0.05789186237028946,tiny_mlp,123,0.6832424877707897,0.1155076087821206,202
Species,2,5493,318,0.05789186237028946,tiny_mlp,7,0.6756254367575123,0.1177973822669697,202
Species,2,5493,318,0.05789186237028946,tiny_mlp,13,0.6869832588946617,0.12661890642376047,202
Species,2,5493,318,0.05789186237028946,tiny_mlp,21,0.6850022787348465,0.12596190107446914,202
Species,3,5500,320,0.05818181818181818,tiny_mlp,42,0.6697423986486487,0.09921276957626131,202
Species,3,5500,320,0.05818181818181818,tiny_mlp,123,0.6610943532818532,0.10243309151657623,202
Species,3,5500,320,0.05818181818181818,tiny_mlp,7,0.6631219835907336,0.10230858189411277,202
Species,3,5500,320,0.05818181818181818,tiny_mlp,13,0.6645149613899615,0.1060694020685406,202
Species,3,5500,320,0.05818181818181818,tiny_mlp,21,0.6528882118725869,0.10123658798180879,202
Species,4,5306,310,0.058424425179042595,tiny_mlp,42,0.6703369146930447,0.11357409474828997,202
Species,4,5306,310,0.058424425179042595,tiny_mlp,123,0.664392158888401,0.11325593612935655,202
Species,4,5306,310,0.058424425179042595,tiny_mlp,7,0.5745499625506857,0.07242735138517065,202
Species,4,5306,310,0.058424425179042595,tiny_mlp,13,0.66753467289961,0.1081798041228179,202
Species,4,5306,310,0.058424425179042595,tiny_mlp,21,0.6617448797747876,0.10981436246414575,202
Genus,0,5471,320,0.058490221166148784,tiny_mlp,42,0.8796841632692681,0.4456593627824616,202
Genus,0,5471,320,0.058490221166148784,tiny_mlp,123,0.8800287565521258,0.43636648192054317,202
Genus,0,5471,320,0.058490221166148784,tiny_mlp,7,0.914856338575034,0.43221470197088097,202
Genus,0,5471,320,0.058490221166148784,tiny_mlp,13,0.8739589400116481,0.4480717801300635,202
Genus,0,5471,320,0.058490221166148784,tiny_mlp,21,0.8761739225393127,0.44469863751131833,202
Genus,1,5476,320,0.05843681519357195,tiny_mlp,42,0.8738066088052754,0.2422919959045819,202
Genus,1,5476,320,0.05843681519357195,tiny_mlp,123,0.8690688033359194,0.24124657098836255,202
Genus,1,5476,320,0.05843681519357195,tiny_mlp,7,0.8741375339410397,0.24952921567255193,202
Genus,1,5476,320,0.05843681519357195,tiny_mlp,13,0.8741157147013188,0.24007245001117497,202
Genus,1,5476,320,0.05843681519357195,tiny_mlp,21,0.8748466592319626,0.25094507209193956,202
Genus,2,5495,320,0.05823475887170155,tiny_mlp,42,0.9077161835748794,0.5229795005475862,202
Genus,2,5495,320,0.05823475887170155,tiny_mlp,123,0.89318538647343,0.5127324282765966,202
Genus,2,5495,320,0.05823475887170155,tiny_mlp,7,0.8948623188405798,0.5055971149862083,202
Genus,2,5495,320,0.05823475887170155,tiny_mlp,13,0.9096171497584542,0.5197955177243094,202
Genus,2,5495,320,0.05823475887170155,tiny_mlp,21,0.9149788647342995,0.5410028924978699,202
Genus,3,5500,320,0.05818181818181818,tiny_mlp,42,0.8937584459459461,0.38018252553258264,202
Genus,3,5500,320,0.05818181818181818,tiny_mlp,123,0.8845837355212354,0.3648947342649216,202
Genus,3,5500,320,0.05818181818181818,tiny_mlp,7,0.8900452461389962,0.37762014600012705,202
Genus,3,5500,320,0.05818181818181818,tiny_mlp,13,0.8996157094594596,0.3850660252023114,202
Genus,3,5500,320,0.05818181818181818,tiny_mlp,21,0.8872653233590735,0.35860769403752285,202
Genus,4,5306,310,0.058424425179042595,tiny_mlp,42,0.877243084790413,0.38217785989391045,202
Genus,4,5306,310,0.058424425179042595,tiny_mlp,123,0.8749819210206876,0.3789904024084767,202
Genus,4,5306,310,0.058424425179042595,tiny_mlp,7,0.8539870606162349,0.2767901736108074,202
Genus,4,5306,310,0.058424425179042595,tiny_mlp,13,0.8639892559208657,0.33692648075937504,202
Genus,4,5306,310,0.058424425179042595,tiny_mlp,21,0.8699495079934916,0.35225305869498436,202
Family,0,5471,320,0.058490221166148784,tiny_mlp,42,0.9666339060376626,0.6943566392756203,202
Family,0,5471,320,0.058490221166148784,tiny_mlp,123,0.9658373374102116,0.7204167703186762,202
Family,0,5471,320,0.058490221166148784,tiny_mlp,7,0.9661540234905843,0.7138624598241592,202
Family,0,5471,320,0.058490221166148784,tiny_mlp,13,0.9694118860415453,0.7605322523319544,202
Family,0,5471,320,0.058490221166148784,tiny_mlp,21,0.9622227480100951,0.6724528561555071,202
Family,1,5476,320,0.05843681519357195,tiny_mlp,42,0.9419529431730024,0.4139784910590287,202
Family,1,5476,320,0.05843681519357195,tiny_mlp,123,0.9415195888285492,0.40987210334192564,202
Family,1,5476,320,0.05843681519357195,tiny_mlp,7,0.9408850126066719,0.41174806943271425,202
Family,1,5476,320,0.05843681519357195,tiny_mlp,13,0.9441130479053531,0.40302066517030377,202
Family,1,5476,320,0.05843681519357195,tiny_mlp,21,0.9461816330488749,0.4586632371936014,202
Family,2,5495,320,0.05823475887170155,tiny_mlp,42,0.9824541062801931,0.8681979356766928,202
Family,2,5495,320,0.05823475887170155,tiny_mlp,123,0.9801992753623189,0.8463779309612761,202
Family,2,5495,320,0.05823475887170155,tiny_mlp,7,0.9826201690821256,0.8647251992694585,202
Family,2,5495,320,0.05823475887170155,tiny_mlp,13,0.9825582729468598,0.864902062278864,202
Family,2,5495,320,0.05823475887170155,tiny_mlp,21,0.9822916666666666,0.8663751898837666,202
Family,3,5500,320,0.05818181818181818,tiny_mlp,42,0.9710002413127413,0.7695843911623259,202
Family,3,5500,320,0.05818181818181818,tiny_mlp,123,0.9696881032818533,0.7514116068613628,202
Family,3,5500,320,0.05818181818181818,tiny_mlp,7,0.9688157577220077,0.7497938851363047,202
Family,3,5500,320,0.05818181818181818,tiny_mlp,13,0.9722683397683398,0.7708469379238228,202
Family,3,5500,320,0.05818181818181818,tiny_mlp,21,0.9684338803088803,0.7507636043691044,202
Family,4,5306,310,0.058424425179042595,tiny_mlp,42,0.9612703065678349,0.7072846209927374,202
Family,4,5306,310,0.058424425179042595,tiny_mlp,123,0.964021539812495,0.744856739073725,202
Family,4,5306,310,0.058424425179042595,tiny_mlp,7,0.9578462770216173,0.684809959642917,202
Family,4,5306,310,0.058424425179042595,tiny_mlp,13,0.9625313153748806,0.7355111139441803,202
Family,4,5306,310,0.058424425179042595,tiny_mlp,21,0.9654120070249746,0.7361979157689101,202
Order,0,5471,320,0.058490221166148784,tiny_mlp,42,0.9891125509609785,0.8746070267978553,202
Order,0,5471,320,0.058490221166148784,tiny_mlp,123,0.9903228741991845,0.9021253043356937,202
Order,0,5471,320,0.058490221166148784,tiny_mlp,7,0.9892508736167734,0.8805582411197129,202
Order,0,5471,320,0.058490221166148784,tiny_mlp,13,0.9902179188507085,0.9022552100193116,202
Order,0,5471,320,0.058490221166148784,tiny_mlp,21,0.9884888856532713,0.8607100115108326,202
Order,1,5476,320,0.05843681519357195,tiny_mlp,42,0.9822633824670287,0.7519708653137864,202
Order,1,5476,320,0.05843681519357195,tiny_mlp,123,0.9804869326997672,0.7093878359058091,202
Order,1,5476,320,0.05843681519357195,tiny_mlp,7,0.9812924262994569,0.72641444893495,202
Order,1,5476,320,0.05843681519357195,tiny_mlp,13,0.9791517164468581,0.691200348569744,202
Order,1,5476,320,0.05843681519357195,tiny_mlp,21,0.9834313178820792,0.7556442559503587,202
Order,2,5495,320,0.05823475887170155,tiny_mlp,42,0.9970084541062803,0.9607968895548321,202
Order,2,5495,320,0.05823475887170155,tiny_mlp,123,0.9957264492753624,0.9532197229101171,202
Order,2,5495,320,0.05823475887170155,tiny_mlp,7,0.9964027777777777,0.9589218635550466,202
Order,2,5495,320,0.05823475887170155,tiny_mlp,13,0.996251811594203,0.957264983288431,202
Order,2,5495,320,0.05823475887170155,tiny_mlp,21,0.9968472222222222,0.9640600795448634,202
Order,3,5500,320,0.05818181818181818,tiny_mlp,42,0.9908789816602316,0.9096453206797716,202
Order,3,5500,320,0.05818181818181818,tiny_mlp,123,0.9869492036679537,0.8846978584137111,202
Order,3,5500,320,0.05818181818181818,tiny_mlp,7,0.9904379826254827,0.9034755157985441,202
Order,3,5500,320,0.05818181818181818,tiny_mlp,13,0.9892676158301159,0.9000210633130273,202
Order,3,5500,320,0.05818181818181818,tiny_mlp,21,0.9895312500000001,0.8999513449289693,202
Order,4,5306,310,0.058424425179042595,tiny_mlp,42,0.988576022108009,0.9117392096166559,202
Order,4,5306,310,0.058424425179042595,tiny_mlp,123,0.9866370515767452,0.9063704192921528,202
Order,4,5306,310,0.058424425179042595,tiny_mlp,7,0.9864323717038147,0.9038067219123914,202
Order,4,5306,310,0.058424425179042595,tiny_mlp,13,0.9860933908417057,0.8975251990755886,202
Order,4,5306,310,0.058424425179042595,tiny_mlp,21,0.9866138071747721,0.9011903894185684,202
Phylum,0,5471,320,0.058490221166148784,tiny_mlp,42,0.9985603523587653,0.978164525987754,202
Phylum,0,5471,320,0.058490221166148784,tiny_mlp,123,0.9934260337798486,0.9269897025433145,202
Phylum,0,5471,320,0.058490221166148784,tiny_mlp,7,0.9982272859638905,0.9742060296217295,202
Phylum,0,5471,320,0.058490221166148784,tiny_mlp,13,0.9984317365560086,0.9773098544426598,202
Phylum,0,5471,320,0.058490221166148784,tiny_mlp,21,0.9980847165598913,0.9694850840668805,202
Phylum,1,5476,320,0.05843681519357195,tiny_mlp,42,0.9972010764158263,0.9572169014407436,202
Phylum,1,5476,320,0.05843681519357195,tiny_mlp,123,0.9961907243987588,0.934714089323251,202
Phylum,1,5476,320,0.05843681519357195,tiny_mlp,7,0.9963677026764934,0.9436824797589833,202
Phylum,1,5476,320,0.05843681519357195,tiny_mlp,13,0.9962343628782001,0.9395667603294076,202
Phylum,1,5476,320,0.05843681519357195,tiny_mlp,21,0.9973198700543057,0.9558706379270971,202
Phylum,2,5495,320,0.05823475887170155,tiny_mlp,42,0.9992801932367149,0.9961429705689422,202
Phylum,2,5495,320,0.05823475887170155,tiny_mlp,123,0.9996231884057971,0.9966927951698057,202
Phylum,2,5495,320,0.05823475887170155,tiny_mlp,7,0.9991859903381642,0.9962885772638286,202
Phylum,2,5495,320,0.05823475887170155,tiny_mlp,13,0.9995356280193237,0.9956117187240767,202
Phylum,2,5495,320,0.05823475887170155,tiny_mlp,21,0.9997711352657005,0.9974058982077115,202
Phylum,3,5500,320,0.05818181818181818,tiny_mlp,42,0.9990100144787646,0.9860302820641378,202
Phylum,3,5500,320,0.05818181818181818,tiny_mlp,123,0.9986655405405405,0.9810018801740082,202
Phylum,3,5500,320,0.05818181818181818,tiny_mlp,7,0.999055863899614,0.9870894715909436,202
Phylum,3,5500,320,0.05818181818181818,tiny_mlp,13,0.9873715009652511,0.8717143602017977,202
Phylum,3,5500,320,0.05818181818181818,tiny_mlp,21,0.9987186293436293,0.9839618174630365,202
Phylum,4,5306,310,0.058424425179042595,tiny_mlp,42,0.9991083189131951,0.9862421689699752,202
Phylum,4,5306,310,0.058424425179042595,tiny_mlp,123,0.9989204266639119,0.9846907511371666,202
Phylum,4,5306,310,0.058424425179042595,tiny_mlp,7,0.9990566646865879,0.9856774889337091,202
Phylum,4,5306,310,0.058424425179042595,tiny_mlp,13,0.9986628012087089,0.9812164001206588,202
Phylum,4,5306,310,0.058424425179042595,tiny_mlp,21,0.9990908856117152,0.9866350731434617,202
Novelty,0,5471,320,0.058490221166148784,tiny_mlp,42,0.9999235585323238,0.998729114473793,202
Novelty,0,5471,320,0.058490221166148784,tiny_mlp,123,0.9998865511551156,0.9981376400028574,202
Novelty,0,5471,320,0.058490221166148784,tiny_mlp,7,0.9999271986022131,0.9987964833132794,202
Novelty,0,5471,320,0.058490221166148784,tiny_mlp,13,0.9985967530576586,0.9747453097128059,202
Novelty,0,5471,320,0.058490221166148784,tiny_mlp,21,0.9998719908755581,0.9978609354924037,202
Novelty,1,5476,320,0.05843681519357195,tiny_mlp,42,0.9995030062063615,0.991888620155489,202
Novelty,1,5476,320,0.05843681519357195,tiny_mlp,123,0.9991514740108611,0.9859762107560752,202
Novelty,1,5476,320,0.05843681519357195,tiny_mlp,7,0.9994672468968192,0.991326154396864,202
Novelty,1,5476,320,0.05843681519357195,tiny_mlp,13,0.9979817203258339,0.9674933572289308,202
Novelty,1,5476,320,0.05843681519357195,tiny_mlp,21,0.9995575543056633,0.9929862353527155,202
Novelty,2,5495,320,0.05823475887170155,tiny_mlp,42,0.9999933574879227,0.9998939015300365,202
Novelty,2,5495,320,0.05823475887170155,tiny_mlp,123,0.9999855072463767,0.9997698500368655,202
Novelty,2,5495,320,0.05823475887170155,tiny_mlp,7,0.9999939613526568,0.9999047480528116,202
Novelty,2,5495,320,0.05823475887170155,tiny_mlp,13,0.9999909420289855,0.9998553110284507,202
Novelty,2,5495,320,0.05823475887170155,tiny_mlp,21,0.9999951690821256,0.9999225341696534,202
Novelty,3,5500,320,0.05818181818181818,tiny_mlp,42,0.9998449565637066,0.9975085194716896,202
Novelty,3,5500,320,0.05818181818181818,tiny_mlp,123,0.9997484314671814,0.9957335220358592,202
Novelty,3,5500,320,0.05818181818181818,tiny_mlp,7,0.9998811534749035,0.9980627915476372,202
Novelty,3,5500,320,0.05818181818181818,tiny_mlp,13,0.9973684845559846,0.9648167606361322,202
Novelty,3,5500,320,0.05818181818181818,tiny_mlp,21,0.9998570222007722,0.9976697083272391,202
Novelty,4,5306,310,0.058424425179042595,tiny_mlp,42,0.9995790180531522,0.99491809795618,202
Novelty,4,5306,310,0.058424425179042595,tiny_mlp,123,0.9994292207959917,0.99275102112748,202
Novelty,4,5306,310,0.058424425179042595,tiny_mlp,7,0.9997507683566209,0.996313273876872,202
Novelty,4,5306,310,0.058424425179042595,tiny_mlp,13,0.999595159998967,0.9951043271522204,202
Novelty,4,5306,310,0.058424425179042595,tiny_mlp,21,0.9997275239546476,0.9960460286537438,202
Noise,0,5471,320,0.058490221166148784,tiny_mlp,42,0.9999842263638128,0.9997503467042606,202
Noise,0,5471,320,0.058490221166148784,tiny_mlp,123,0.9998871578334304,0.9982539120117073,202
Noise,0,5471,320,0.058490221166148784,tiny_mlp,7,0.9999793729372938,0.9996739705500388,202
Noise,0,5471,320,0.058490221166148784,tiny_mlp,13,0.9994212288875947,0.9890672207836219,202
Noise,0,5471,320,0.058490221166148784,tiny_mlp,21,0.9999854397204426,0.9997688247608513,202
Noise,1,5476,320,0.05843681519357195,tiny_mlp,42,0.9995951318851823,0.9931164871675134,202
Noise,1,5476,320,0.05843681519357195,tiny_mlp,123,0.9994836113266097,0.9906152031088432,202
Noise,1,5476,320,0.05843681519357195,tiny_mlp,7,0.9997733223429014,0.9963085054963451,202
Noise,1,5476,320,0.05843681519357195,tiny_mlp,13,0.9992151134600465,0.9867130178283793,202
Noise,1,5476,320,0.05843681519357195,tiny_mlp,21,0.9998036268425134,0.9967071398797329,202
Noise,2,5495,320,0.05823475887170155,tiny_mlp,42,1.0,0.9999999999999999,202
Noise,2,5495,320,0.05823475887170155,tiny_mlp,123,1.0,0.9999999999999999,202
Noise,2,5495,320,0.05823475887170155,tiny_mlp,7,1.0,1.0,202
Noise,2,5495,320,0.05823475887170155,tiny_mlp,13,0.9999999999999999,1.0,202
Noise,2,5495,320,0.05823475887170155,tiny_mlp,21,1.0,1.0,202
Noise,3,5500,320,0.05818181818181818,tiny_mlp,42,0.9999819015444015,0.9997002252688785,202
Noise,3,5500,320,0.05818181818181818,tiny_mlp,123,0.9997333494208495,0.9953292204165709,202
Noise,3,5500,320,0.05818181818181818,tiny_mlp,7,0.9999831081081082,0.9997233821828533,202
Noise,3,5500,320,0.05818181818181818,tiny_mlp,13,0.9994298986486486,0.9914104758617193,202
Noise,3,5500,320,0.05818181818181818,tiny_mlp,21,0.999706805019305,0.9951911056510462,202
Noise,4,5306,310,0.058424425179042595,tiny_mlp,42,0.9999509284847232,0.9991971115133038,202
Noise,4,5306,310,0.058424425179042595,tiny_mlp,123,0.9998669903664866,0.997786217889864,202
Noise,4,5306,310,0.058424425179042595,tiny_mlp,7,0.9999541568738862,0.9992541178281068,202
Noise,4,5306,310,0.058424425179042595,tiny_mlp,13,0.9999192902709264,0.9987433429305053,202
Noise,4,5306,310,0.058424425179042595,tiny_mlp,21,0.9999548025517188,0.999274033087417,202
Species,0,5468,317,0.057973664959765914,tiny_mlp,42,0.6879090581167971,0.11105801655785652,303
Species,0,5468,317,0.057973664959765914,tiny_mlp,123,0.6775726375755037,0.118465184190818,303
Species,0,5468,317,0.057973664959765914,tiny_mlp,7,0.6790124364078641,0.11473312496866953,303
Species,0,5468,317,0.057973664959765914,tiny_mlp,13,0.6829956144621698,0.1141423529542678,303
Species,0,5468,317,0.057973664959765914,tiny_mlp,21,0.6688432064583337,0.11350471155686515,303
Species,1,5473,317,0.05792070162616481,tiny_mlp,42,0.6590392376160327,0.10450139411874015,303
Species,1,5473,317,0.05792070162616481,tiny_mlp,123,0.6595189090900192,0.10791372269907462,303
Species,1,5473,317,0.05792070162616481,tiny_mlp,7,0.6621369119435749,0.10216408517499184,303
Species,1,5473,317,0.05792070162616481,tiny_mlp,13,0.6655001186942167,0.1112249986602679,303
Species,1,5473,317,0.05792070162616481,tiny_mlp,21,0.6723635811880679,0.11223960350516286,303
Species,2,5493,318,0.05789186237028946,tiny_mlp,42,0.6832084586637499,0.1255923113324262,303
Species,2,5493,318,0.05789186237028946,tiny_mlp,123,0.6832424877707897,0.1155076087821206,303
Species,2,5493,318,0.05789186237028946,tiny_mlp,7,0.6756254367575123,0.1177973822669697,303
Species,2,5493,318,0.05789186237028946,tiny_mlp,13,0.6869832588946617,0.12661890642376047,303
Species,2,5493,318,0.05789186237028946,tiny_mlp,21,0.6850022787348465,0.12596190107446914,303
Species,3,5500,320,0.05818181818181818,tiny_mlp,42,0.6697423986486487,0.09921276957626131,303
Species,3,5500,320,0.05818181818181818,tiny_mlp,123,0.6610943532818532,0.10243309151657623,303
Species,3,5500,320,0.05818181818181818,tiny_mlp,7,0.6631219835907336,0.10230858189411277,303
Species,3,5500,320,0.05818181818181818,tiny_mlp,13,0.6645149613899615,0.1060694020685406,303
Species,3,5500,320,0.05818181818181818,tiny_mlp,21,0.6528882118725869,0.10123658798180879,303
Species,4,5306,310,0.058424425179042595,tiny_mlp,42,0.6703369146930447,0.11357409474828997,303
Species,4,5306,310,0.058424425179042595,tiny_mlp,123,0.664392158888401,0.11325593612935655,303
Species,4,5306,310,0.058424425179042595,tiny_mlp,7,0.5745499625506857,0.07242735138517065,303
Species,4,5306,310,0.058424425179042595,tiny_mlp,13,0.66753467289961,0.1081798041228179,303
Species,4,5306,310,0.058424425179042595,tiny_mlp,21,0.6617448797747876,0.10981436246414575,303
Genus,0,5471,320,0.058490221166148784,tiny_mlp,42,0.8796841632692681,0.4456593627824616,303
Genus,0,5471,320,0.058490221166148784,tiny_mlp,123,0.8800287565521258,0.43636648192054317,303
Genus,0,5471,320,0.058490221166148784,tiny_mlp,7,0.914856338575034,0.43221470197088097,303
Genus,0,5471,320,0.058490221166148784,tiny_mlp,13,0.8739589400116481,0.4480717801300635,303
Genus,0,5471,320,0.058490221166148784,tiny_mlp,21,0.8761739225393127,0.44469863751131833,303
Genus,1,5476,320,0.05843681519357195,tiny_mlp,42,0.8738066088052754,0.2422919959045819,303
Genus,1,5476,320,0.05843681519357195,tiny_mlp,123,0.8690688033359194,0.24124657098836255,303
Genus,1,5476,320,0.05843681519357195,tiny_mlp,7,0.8741375339410397,0.24952921567255193,303
Genus,1,5476,320,0.05843681519357195,tiny_mlp,13,0.8741157147013188,0.24007245001117497,303
Genus,1,5476,320,0.05843681519357195,tiny_mlp,21,0.8748466592319626,0.25094507209193956,303
Genus,2,5495,320,0.05823475887170155,tiny_mlp,42,0.9077161835748794,0.5229795005475862,303
Genus,2,5495,320,0.05823475887170155,tiny_mlp,123,0.89318538647343,0.5127324282765966,303
Genus,2,5495,320,0.05823475887170155,tiny_mlp,7,0.8948623188405798,0.5055971149862083,303
Genus,2,5495,320,0.05823475887170155,tiny_mlp,13,0.9096171497584542,0.5197955177243094,303
Genus,2,5495,320,0.05823475887170155,tiny_mlp,21,0.9149788647342995,0.5410028924978699,303
Genus,3,5500,320,0.05818181818181818,tiny_mlp,42,0.8937584459459461,0.38018252553258264,303
Genus,3,5500,320,0.05818181818181818,tiny_mlp,123,0.8845837355212354,0.3648947342649216,303
Genus,3,5500,320,0.05818181818181818,tiny_mlp,7,0.8900452461389962,0.37762014600012705,303
Genus,3,5500,320,0.05818181818181818,tiny_mlp,13,0.8996157094594596,0.3850660252023114,303
Genus,3,5500,320,0.05818181818181818,tiny_mlp,21,0.8872653233590735,0.35860769403752285,303
Genus,4,5306,310,0.058424425179042595,tiny_mlp,42,0.877243084790413,0.38217785989391045,303
Genus,4,5306,310,0.058424425179042595,tiny_mlp,123,0.8749819210206876,0.3789904024084767,303
Genus,4,5306,310,0.058424425179042595,tiny_mlp,7,0.8539870606162349,0.2767901736108074,303
Genus,4,5306,310,0.058424425179042595,tiny_mlp,13,0.8639892559208657,0.33692648075937504,303
Genus,4,5306,310,0.058424425179042595,tiny_mlp,21,0.8699495079934916,0.35225305869498436,303
Family,0,5471,320,0.058490221166148784,tiny_mlp,42,0.9666339060376626,0.6943566392756203,303
Family,0,5471,320,0.058490221166148784,tiny_mlp,123,0.9658373374102116,0.7204167703186762,303
Family,0,5471,320,0.058490221166148784,tiny_mlp,7,0.9661540234905843,0.7138624598241592,303
Family,0,5471,320,0.058490221166148784,tiny_mlp,13,0.9694118860415453,0.7605322523319544,303
Family,0,5471,320,0.058490221166148784,tiny_mlp,21,0.9622227480100951,0.6724528561555071,303
Family,1,5476,320,0.05843681519357195,tiny_mlp,42,0.9419529431730024,0.4139784910590287,303
Family,1,5476,320,0.05843681519357195,tiny_mlp,123,0.9415195888285492,0.40987210334192564,303
Family,1,5476,320,0.05843681519357195,tiny_mlp,7,0.9408850126066719,0.41174806943271425,303
Family,1,5476,320,0.05843681519357195,tiny_mlp,13,0.9441130479053531,0.40302066517030377,303
Family,1,5476,320,0.05843681519357195,tiny_mlp,21,0.9461816330488749,0.4586632371936014,303
Family,2,5495,320,0.05823475887170155,tiny_mlp,42,0.9824541062801931,0.8681979356766928,303
Family,2,5495,320,0.05823475887170155,tiny_mlp,123,0.9801992753623189,0.8463779309612761,303
Family,2,5495,320,0.05823475887170155,tiny_mlp,7,0.9826201690821256,0.8647251992694585,303
Family,2,5495,320,0.05823475887170155,tiny_mlp,13,0.9825582729468598,0.864902062278864,303
Family,2,5495,320,0.05823475887170155,tiny_mlp,21,0.9822916666666666,0.8663751898837666,303
Family,3,5500,320,0.05818181818181818,tiny_mlp,42,0.9710002413127413,0.7695843911623259,303
Family,3,5500,320,0.05818181818181818,tiny_mlp,123,0.9696881032818533,0.7514116068613628,303
Family,3,5500,320,0.05818181818181818,tiny_mlp,7,0.9688157577220077,0.7497938851363047,303
Family,3,5500,320,0.05818181818181818,tiny_mlp,13,0.9722683397683398,0.7708469379238228,303
Family,3,5500,320,0.05818181818181818,tiny_mlp,21,0.9684338803088803,0.7507636043691044,303
Family,4,5306,310,0.058424425179042595,tiny_mlp,42,0.9612703065678349,0.7072846209927374,303
Family,4,5306,310,0.058424425179042595,tiny_mlp,123,0.964021539812495,0.744856739073725,303
Family,4,5306,310,0.058424425179042595,tiny_mlp,7,0.9578462770216173,0.684809959642917,303
Family,4,5306,310,0.058424425179042595,tiny_mlp,13,0.9625313153748806,0.7355111139441803,303
Family,4,5306,310,0.058424425179042595,tiny_mlp,21,0.9654120070249746,0.7361979157689101,303
Order,0,5471,320,0.058490221166148784,tiny_mlp,42,0.9891125509609785,0.8746070267978553,303
Order,0,5471,320,0.058490221166148784,tiny_mlp,123,0.9903228741991845,0.9021253043356937,303
Order,0,5471,320,0.058490221166148784,tiny_mlp,7,0.9892508736167734,0.8805582411197129,303
Order,0,5471,320,0.058490221166148784,tiny_mlp,13,0.9902179188507085,0.9022552100193116,303
Order,0,5471,320,0.058490221166148784,tiny_mlp,21,0.9884888856532713,0.8607100115108326,303
Order,1,5476,320,0.05843681519357195,tiny_mlp,42,0.9822633824670287,0.7519708653137864,303
Order,1,5476,320,0.05843681519357195,tiny_mlp,123,0.9804869326997672,0.7093878359058091,303
Order,1,5476,320,0.05843681519357195,tiny_mlp,7,0.9812924262994569,0.72641444893495,303
Order,1,5476,320,0.05843681519357195,tiny_mlp,13,0.9791517164468581,0.691200348569744,303
Order,1,5476,320,0.05843681519357195,tiny_mlp,21,0.9834313178820792,0.7556442559503587,303
Order,2,5495,320,0.05823475887170155,tiny_mlp,42,0.9970084541062803,0.9607968895548321,303
Order,2,5495,320,0.05823475887170155,tiny_mlp,123,0.9957264492753624,0.9532197229101171,303
Order,2,5495,320,0.05823475887170155,tiny_mlp,7,0.9964027777777777,0.9589218635550466,303
Order,2,5495,320,0.05823475887170155,tiny_mlp,13,0.996251811594203,0.957264983288431,303
Order,2,5495,320,0.05823475887170155,tiny_mlp,21,0.9968472222222222,0.9640600795448634,303
Order,3,5500,320,0.05818181818181818,tiny_mlp,42,0.9908789816602316,0.9096453206797716,303
Order,3,5500,320,0.05818181818181818,tiny_mlp,123,0.9869492036679537,0.8846978584137111,303
Order,3,5500,320,0.05818181818181818,tiny_mlp,7,0.9904379826254827,0.9034755157985441,303
Order,3,5500,320,0.05818181818181818,tiny_mlp,13,0.9892676158301159,0.9000210633130273,303
Order,3,5500,320,0.05818181818181818,tiny_mlp,21,0.9895312500000001,0.8999513449289693,303
Order,4,5306,310,0.058424425179042595,tiny_mlp,42,0.988576022108009,0.9117392096166559,303
Order,4,5306,310,0.058424425179042595,tiny_mlp,123,0.9866370515767452,0.9063704192921528,303
Order,4,5306,310,0.058424425179042595,tiny_mlp,7,0.9864323717038147,0.9038067219123914,303
Order,4,5306,310,0.058424425179042595,tiny_mlp,13,0.9860933908417057,0.8975251990755886,303
Order,4,5306,310,0.058424425179042595,tiny_mlp,21,0.9866138071747721,0.9011903894185684,303
Phylum,0,5471,320,0.058490221166148784,tiny_mlp,42,0.9985603523587653,0.978164525987754,303
Phylum,0,5471,320,0.058490221166148784,tiny_mlp,123,0.9934260337798486,0.9269897025433145,303
Phylum,0,5471,320,0.058490221166148784,tiny_mlp,7,0.9982272859638905,0.9742060296217295,303
Phylum,0,5471,320,0.058490221166148784,tiny_mlp,13,0.9984317365560086,0.9773098544426598,303
Phylum,0,5471,320,0.058490221166148784,tiny_mlp,21,0.9980847165598913,0.9694850840668805,303
Phylum,1,5476,320,0.05843681519357195,tiny_mlp,42,0.9972010764158263,0.9572169014407436,303
Phylum,1,5476,320,0.05843681519357195,tiny_mlp,123,0.9961907243987588,0.934714089323251,303
Phylum,1,5476,320,0.05843681519357195,tiny_mlp,7,0.9963677026764934,0.9436824797589833,303
Phylum,1,5476,320,0.05843681519357195,tiny_mlp,13,0.9962343628782001,0.9395667603294076,303
Phylum,1,5476,320,0.05843681519357195,tiny_mlp,21,0.9973198700543057,0.9558706379270971,303
Phylum,2,5495,320,0.05823475887170155,tiny_mlp,42,0.9992801932367149,0.9961429705689422,303
Phylum,2,5495,320,0.05823475887170155,tiny_mlp,123,0.9996231884057971,0.9966927951698057,303
Phylum,2,5495,320,0.05823475887170155,tiny_mlp,7,0.9991859903381642,0.9962885772638286,303
Phylum,2,5495,320,0.05823475887170155,tiny_mlp,13,0.9995356280193237,0.9956117187240767,303
Phylum,2,5495,320,0.05823475887170155,tiny_mlp,21,0.9997711352657005,0.9974058982077115,303
Phylum,3,5500,320,0.05818181818181818,tiny_mlp,42,0.9990100144787646,0.9860302820641378,303
Phylum,3,5500,320,0.05818181818181818,tiny_mlp,123,0.9986655405405405,0.9810018801740082,303
Phylum,3,5500,320,0.05818181818181818,tiny_mlp,7,0.999055863899614,0.9870894715909436,303
Phylum,3,5500,320,0.05818181818181818,tiny_mlp,13,0.9873715009652511,0.8717143602017977,303
Phylum,3,5500,320,0.05818181818181818,tiny_mlp,21,0.9987186293436293,0.9839618174630365,303
Phylum,4,5306,310,0.058424425179042595,tiny_mlp,42,0.9991083189131951,0.9862421689699752,303
Phylum,4,5306,310,0.058424425179042595,tiny_mlp,123,0.9989204266639119,0.9846907511371666,303
Phylum,4,5306,310,0.058424425179042595,tiny_mlp,7,0.9990566646865879,0.9856774889337091,303
Phylum,4,5306,310,0.058424425179042595,tiny_mlp,13,0.9986628012087089,0.9812164001206588,303
Phylum,4,5306,310,0.058424425179042595,tiny_mlp,21,0.9990908856117152,0.9866350731434617,303
Novelty,0,5471,320,0.058490221166148784,tiny_mlp,42,0.9999235585323238,0.998729114473793,303
Novelty,0,5471,320,0.058490221166148784,tiny_mlp,123,0.9998865511551156,0.9981376400028574,303
Novelty,0,5471,320,0.058490221166148784,tiny_mlp,7,0.9999271986022131,0.9987964833132794,303
Novelty,0,5471,320,0.058490221166148784,tiny_mlp,13,0.9985967530576586,0.9747453097128059,303
Novelty,0,5471,320,0.058490221166148784,tiny_mlp,21,0.9998719908755581,0.9978609354924037,303
Novelty,1,5476,320,0.05843681519357195,tiny_mlp,42,0.9995030062063615,0.991888620155489,303
Novelty,1,5476,320,0.05843681519357195,tiny_mlp,123,0.9991514740108611,0.9859762107560752,303
Novelty,1,5476,320,0.05843681519357195,tiny_mlp,7,0.9994672468968192,0.991326154396864,303
Novelty,1,5476,320,0.05843681519357195,tiny_mlp,13,0.9979817203258339,0.9674933572289308,303
Novelty,1,5476,320,0.05843681519357195,tiny_mlp,21,0.9995575543056633,0.9929862353527155,303
Novelty,2,5495,320,0.05823475887170155,tiny_mlp,42,0.9999933574879227,0.9998939015300365,303
Novelty,2,5495,320,0.05823475887170155,tiny_mlp,123,0.9999855072463767,0.9997698500368655,303
Novelty,2,5495,320,0.05823475887170155,tiny_mlp,7,0.9999939613526568,0.9999047480528116,303
Novelty,2,5495,320,0.05823475887170155,tiny_mlp,13,0.9999909420289855,0.9998553110284507,303
Novelty,2,5495,320,0.05823475887170155,tiny_mlp,21,0.9999951690821256,0.9999225341696534,303
Novelty,3,5500,320,0.05818181818181818,tiny_mlp,42,0.9998449565637066,0.9975085194716896,303
Novelty,3,5500,320,0.05818181818181818,tiny_mlp,123,0.9997484314671814,0.9957335220358592,303
Novelty,3,5500,320,0.05818181818181818,tiny_mlp,7,0.9998811534749035,0.9980627915476372,303
Novelty,3,5500,320,0.05818181818181818,tiny_mlp,13,0.9973684845559846,0.9648167606361322,303
Novelty,3,5500,320,0.05818181818181818,tiny_mlp,21,0.9998570222007722,0.9976697083272391,303
Novelty,4,5306,310,0.058424425179042595,tiny_mlp,42,0.9995790180531522,0.99491809795618,303
Novelty,4,5306,310,0.058424425179042595,tiny_mlp,123,0.9994292207959917,0.99275102112748,303
Novelty,4,5306,310,0.058424425179042595,tiny_mlp,7,0.9997507683566209,0.996313273876872,303
Novelty,4,5306,310,0.058424425179042595,tiny_mlp,13,0.999595159998967,0.9951043271522204,303
Novelty,4,5306,310,0.058424425179042595,tiny_mlp,21,0.9997275239546476,0.9960460286537438,303
Noise,0,5471,320,0.058490221166148784,tiny_mlp,42,0.9999842263638128,0.9997503467042606,303
Noise,0,5471,320,0.058490221166148784,tiny_mlp,123,0.9998871578334304,0.9982539120117073,303
Noise,0,5471,320,0.058490221166148784,tiny_mlp,7,0.9999793729372938,0.9996739705500388,303
Noise,0,5471,320,0.058490221166148784,tiny_mlp,13,0.9994212288875947,0.9890672207836219,303
Noise,0,5471,320,0.058490221166148784,tiny_mlp,21,0.9999854397204426,0.9997688247608513,303
Noise,1,5476,320,0.05843681519357195,tiny_mlp,42,0.9995951318851823,0.9931164871675134,303
Noise,1,5476,320,0.05843681519357195,tiny_mlp,123,0.9994836113266097,0.9906152031088432,303
Noise,1,5476,320,0.05843681519357195,tiny_mlp,7,0.9997733223429014,0.9963085054963451,303
Noise,1,5476,320,0.05843681519357195,tiny_mlp,13,0.9992151134600465,0.9867130178283793,303
Noise,1,5476,320,0.05843681519357195,tiny_mlp,21,0.9998036268425134,0.9967071398797329,303
Noise,2,5495,320,0.05823475887170155,tiny_mlp,42,1.0,0.9999999999999999,303
Noise,2,5495,320,0.05823475887170155,tiny_mlp,123,1.0,0.9999999999999999,303
Noise,2,5495,320,0.05823475887170155,tiny_mlp,7,1.0,1.0,303
Noise,2,5495,320,0.05823475887170155,tiny_mlp,13,0.9999999999999999,1.0,303
Noise,2,5495,320,0.05823475887170155,tiny_mlp,21,1.0,1.0,303
Noise,3,5500,320,0.05818181818181818,tiny_mlp,42,0.9999819015444015,0.9997002252688785,303
Noise,3,5500,320,0.05818181818181818,tiny_mlp,123,0.9997333494208495,0.9953292204165709,303
Noise,3,5500,320,0.05818181818181818,tiny_mlp,7,0.9999831081081082,0.9997233821828533,303
Noise,3,5500,320,0.05818181818181818,tiny_mlp,13,0.9994298986486486,0.9914104758617193,303
Noise,3,5500,320,0.05818181818181818,tiny_mlp,21,0.999706805019305,0.9951911056510462,303
Noise,4,5306,310,0.058424425179042595,tiny_mlp,42,0.9999509284847232,0.9991971115133038,303
Noise,4,5306,310,0.058424425179042595,tiny_mlp,123,0.9998669903664866,0.997786217889864,303
Noise,4,5306,310,0.058424425179042595,tiny_mlp,7,0.9999541568738862,0.9992541178281068,303
Noise,4,5306,310,0.058424425179042595,tiny_mlp,13,0.9999192902709264,0.9987433429305053,303
Noise,4,5306,310,0.058424425179042595,tiny_mlp,21,0.9999548025517188,0.999274033087417,303
Species,0,5468,317,0.057973664959765914,tiny_mlp,42,0.6879090581167971,0.11105801655785652,404
Species,0,5468,317,0.057973664959765914,tiny_mlp,123,0.6775726375755037,0.118465184190818,404
Species,0,5468,317,0.057973664959765914,tiny_mlp,7,0.6790124364078641,0.11473312496866953,404
Species,0,5468,317,0.057973664959765914,tiny_mlp,13,0.6829956144621698,0.1141423529542678,404
Species,0,5468,317,0.057973664959765914,tiny_mlp,21,0.6688432064583337,0.11350471155686515,404
Species,1,5473,317,0.05792070162616481,tiny_mlp,42,0.6590392376160327,0.10450139411874015,404
Species,1,5473,317,0.05792070162616481,tiny_mlp,123,0.6595189090900192,0.10791372269907462,404
Species,1,5473,317,0.05792070162616481,tiny_mlp,7,0.6621369119435749,0.10216408517499184,404
Species,1,5473,317,0.05792070162616481,tiny_mlp,13,0.6655001186942167,0.1112249986602679,404
Species,1,5473,317,0.05792070162616481,tiny_mlp,21,0.6723635811880679,0.11223960350516286,404
Species,2,5493,318,0.05789186237028946,tiny_mlp,42,0.6832084586637499,0.1255923113324262,404
Species,2,5493,318,0.05789186237028946,tiny_mlp,123,0.6832424877707897,0.1155076087821206,404
Species,2,5493,318,0.05789186237028946,tiny_mlp,7,0.6756254367575123,0.1177973822669697,404
Species,2,5493,318,0.05789186237028946,tiny_mlp,13,0.6869832588946617,0.12661890642376047,404
Species,2,5493,318,0.05789186237028946,tiny_mlp,21,0.6850022787348465,0.12596190107446914,404
Species,3,5500,320,0.05818181818181818,tiny_mlp,42,0.6697423986486487,0.09921276957626131,404
Species,3,5500,320,0.05818181818181818,tiny_mlp,123,0.6610943532818532,0.10243309151657623,404
Species,3,5500,320,0.05818181818181818,tiny_mlp,7,0.6631219835907336,0.10230858189411277,404
Species,3,5500,320,0.05818181818181818,tiny_mlp,13,0.6645149613899615,0.1060694020685406,404
Species,3,5500,320,0.05818181818181818,tiny_mlp,21,0.6528882118725869,0.10123658798180879,404
Species,4,5306,310,0.058424425179042595,tiny_mlp,42,0.6703369146930447,0.11357409474828997,404
Species,4,5306,310,0.058424425179042595,tiny_mlp,123,0.664392158888401,0.11325593612935655,404
Species,4,5306,310,0.058424425179042595,tiny_mlp,7,0.5745499625506857,0.07242735138517065,404
Species,4,5306,310,0.058424425179042595,tiny_mlp,13,0.66753467289961,0.1081798041228179,404
Species,4,5306,310,0.058424425179042595,tiny_mlp,21,0.6617448797747876,0.10981436246414575,404
Genus,0,5471,320,0.058490221166148784,tiny_mlp,42,0.8796841632692681,0.4456593627824616,404
Genus,0,5471,320,0.058490221166148784,tiny_mlp,123,0.8800287565521258,0.43636648192054317,404
Genus,0,5471,320,0.058490221166148784,tiny_mlp,7,0.914856338575034,0.43221470197088097,404
Genus,0,5471,320,0.058490221166148784,tiny_mlp,13,0.8739589400116481,0.4480717801300635,404
Genus,0,5471,320,0.058490221166148784,tiny_mlp,21,0.8761739225393127,0.44469863751131833,404
Genus,1,5476,320,0.05843681519357195,tiny_mlp,42,0.8738066088052754,0.2422919959045819,404
Genus,1,5476,320,0.05843681519357195,tiny_mlp,123,0.8690688033359194,0.24124657098836255,404
Genus,1,5476,320,0.05843681519357195,tiny_mlp,7,0.8741375339410397,0.24952921567255193,404
Genus,1,5476,320,0.05843681519357195,tiny_mlp,13,0.8741157147013188,0.24007245001117497,404
Genus,1,5476,320,0.05843681519357195,tiny_mlp,21,0.8748466592319626,0.25094507209193956,404
Genus,2,5495,320,0.05823475887170155,tiny_mlp,42,0.9077161835748794,0.5229795005475862,404
Genus,2,5495,320,0.05823475887170155,tiny_mlp,123,0.89318538647343,0.5127324282765966,404
Genus,2,5495,320,0.05823475887170155,tiny_mlp,7,0.8948623188405798,0.5055971149862083,404
Genus,2,5495,320,0.05823475887170155,tiny_mlp,13,0.9096171497584542,0.5197955177243094,404
Genus,2,5495,320,0.05823475887170155,tiny_mlp,21,0.9149788647342995,0.5410028924978699,404
Genus,3,5500,320,0.05818181818181818,tiny_mlp,42,0.8937584459459461,0.38018252553258264,404
Genus,3,5500,320,0.05818181818181818,tiny_mlp,123,0.8845837355212354,0.3648947342649216,404
Genus,3,5500,320,0.05818181818181818,tiny_mlp,7,0.8900452461389962,0.37762014600012705,404
Genus,3,5500,320,0.05818181818181818,tiny_mlp,13,0.8996157094594596,0.3850660252023114,404
Genus,3,5500,320,0.05818181818181818,tiny_mlp,21,0.8872653233590735,0.35860769403752285,404
Genus,4,5306,310,0.058424425179042595,tiny_mlp,42,0.877243084790413,0.38217785989391045,404
Genus,4,5306,310,0.058424425179042595,tiny_mlp,123,0.8749819210206876,0.3789904024084767,404
Genus,4,5306,310,0.058424425179042595,tiny_mlp,7,0.8539870606162349,0.2767901736108074,404
Genus,4,5306,310,0.058424425179042595,tiny_mlp,13,0.8639892559208657,0.33692648075937504,404
Genus,4,5306,310,0.058424425179042595,tiny_mlp,21,0.8699495079934916,0.35225305869498436,404
Family,0,5471,320,0.058490221166148784,tiny_mlp,42,0.9666339060376626,0.6943566392756203,404
Family,0,5471,320,0.058490221166148784,tiny_mlp,123,0.9658373374102116,0.7204167703186762,404
Family,0,5471,320,0.058490221166148784,tiny_mlp,7,0.9661540234905843,0.7138624598241592,404
Family,0,5471,320,0.058490221166148784,tiny_mlp,13,0.9694118860415453,0.7605322523319544,404
Family,0,5471,320,0.058490221166148784,tiny_mlp,21,0.9622227480100951,0.6724528561555071,404
Family,1,5476,320,0.05843681519357195,tiny_mlp,42,0.9419529431730024,0.4139784910590287,404
Family,1,5476,320,0.05843681519357195,tiny_mlp,123,0.9415195888285492,0.40987210334192564,404
Family,1,5476,320,0.05843681519357195,tiny_mlp,7,0.9408850126066719,0.41174806943271425,404
Family,1,5476,320,0.05843681519357195,tiny_mlp,13,0.9441130479053531,0.40302066517030377,404
Family,1,5476,320,0.05843681519357195,tiny_mlp,21,0.9461816330488749,0.4586632371936014,404
Family,2,5495,320,0.05823475887170155,tiny_mlp,42,0.9824541062801931,0.8681979356766928,404
Family,2,5495,320,0.05823475887170155,tiny_mlp,123,0.9801992753623189,0.8463779309612761,404
Family,2,5495,320,0.05823475887170155,tiny_mlp,7,0.9826201690821256,0.8647251992694585,404
Family,2,5495,320,0.05823475887170155,tiny_mlp,13,0.9825582729468598,0.864902062278864,404
Family,2,5495,320,0.05823475887170155,tiny_mlp,21,0.9822916666666666,0.8663751898837666,404
Family,3,5500,320,0.05818181818181818,tiny_mlp,42,0.9710002413127413,0.7695843911623259,404
Family,3,5500,320,0.05818181818181818,tiny_mlp,123,0.9696881032818533,0.7514116068613628,404
Family,3,5500,320,0.05818181818181818,tiny_mlp,7,0.9688157577220077,0.7497938851363047,404
Family,3,5500,320,0.05818181818181818,tiny_mlp,13,0.9722683397683398,0.7708469379238228,404
Family,3,5500,320,0.05818181818181818,tiny_mlp,21,0.9684338803088803,0.7507636043691044,404
Family,4,5306,310,0.058424425179042595,tiny_mlp,42,0.9612703065678349,0.7072846209927374,404
Family,4,5306,310,0.058424425179042595,tiny_mlp,123,0.964021539812495,0.744856739073725,404
Family,4,5306,310,0.058424425179042595,tiny_mlp,7,0.9578462770216173,0.684809959642917,404
Family,4,5306,310,0.058424425179042595,tiny_mlp,13,0.9625313153748806,0.7355111139441803,404
Family,4,5306,310,0.058424425179042595,tiny_mlp,21,0.9654120070249746,0.7361979157689101,404
Order,0,5471,320,0.058490221166148784,tiny_mlp,42,0.9891125509609785,0.8746070267978553,404
Order,0,5471,320,0.058490221166148784,tiny_mlp,123,0.9903228741991845,0.9021253043356937,404
Order,0,5471,320,0.058490221166148784,tiny_mlp,7,0.9892508736167734,0.8805582411197129,404
Order,0,5471,320,0.058490221166148784,tiny_mlp,13,0.9902179188507085,0.9022552100193116,404
Order,0,5471,320,0.058490221166148784,tiny_mlp,21,0.9884888856532713,0.8607100115108326,404
Order,1,5476,320,0.05843681519357195,tiny_mlp,42,0.9822633824670287,0.7519708653137864,404
Order,1,5476,320,0.05843681519357195,tiny_mlp,123,0.9804869326997672,0.7093878359058091,404
Order,1,5476,320,0.05843681519357195,tiny_mlp,7,0.9812924262994569,0.72641444893495,404
Order,1,5476,320,0.05843681519357195,tiny_mlp,13,0.9791517164468581,0.691200348569744,404
Order,1,5476,320,0.05843681519357195,tiny_mlp,21,0.9834313178820792,0.7556442559503587,404
Order,2,5495,320,0.05823475887170155,tiny_mlp,42,0.9970084541062803,0.9607968895548321,404
Order,2,5495,320,0.05823475887170155,tiny_mlp,123,0.9957264492753624,0.9532197229101171,404
Order,2,5495,320,0.05823475887170155,tiny_mlp,7,0.9964027777777777,0.9589218635550466,404
Order,2,5495,320,0.05823475887170155,tiny_mlp,13,0.996251811594203,0.957264983288431,404
Order,2,5495,320,0.05823475887170155,tiny_mlp,21,0.9968472222222222,0.9640600795448634,404
Order,3,5500,320,0.05818181818181818,tiny_mlp,42,0.9908789816602316,0.9096453206797716,404
Order,3,5500,320,0.05818181818181818,tiny_mlp,123,0.9869492036679537,0.8846978584137111,404
Order,3,5500,320,0.05818181818181818,tiny_mlp,7,0.9904379826254827,0.9034755157985441,404
Order,3,5500,320,0.05818181818181818,tiny_mlp,13,0.9892676158301159,0.9000210633130273,404
Order,3,5500,320,0.05818181818181818,tiny_mlp,21,0.9895312500000001,0.8999513449289693,404
Order,4,5306,310,0.058424425179042595,tiny_mlp,42,0.988576022108009,0.9117392096166559,404
Order,4,5306,310,0.058424425179042595,tiny_mlp,123,0.9866370515767452,0.9063704192921528,404
Order,4,5306,310,0.058424425179042595,tiny_mlp,7,0.9864323717038147,0.9038067219123914,404
Order,4,5306,310,0.058424425179042595,tiny_mlp,13,0.9860933908417057,0.8975251990755886,404
Order,4,5306,310,0.058424425179042595,tiny_mlp,21,0.9866138071747721,0.9011903894185684,404
Phylum,0,5471,320,0.058490221166148784,tiny_mlp,42,0.9985603523587653,0.978164525987754,404
Phylum,0,5471,320,0.058490221166148784,tiny_mlp,123,0.9934260337798486,0.9269897025433145,404
Phylum,0,5471,320,0.058490221166148784,tiny_mlp,7,0.9982272859638905,0.9742060296217295,404
Phylum,0,5471,320,0.058490221166148784,tiny_mlp,13,0.9984317365560086,0.9773098544426598,404
Phylum,0,5471,320,0.058490221166148784,tiny_mlp,21,0.9980847165598913,0.9694850840668805,404
Phylum,1,5476,320,0.05843681519357195,tiny_mlp,42,0.9972010764158263,0.9572169014407436,404
Phylum,1,5476,320,0.05843681519357195,tiny_mlp,123,0.9961907243987588,0.934714089323251,404
Phylum,1,5476,320,0.05843681519357195,tiny_mlp,7,0.9963677026764934,0.9436824797589833,404
Phylum,1,5476,320,0.05843681519357195,tiny_mlp,13,0.9962343628782001,0.9395667603294076,404
Phylum,1,5476,320,0.05843681519357195,tiny_mlp,21,0.9973198700543057,0.9558706379270971,404
Phylum,2,5495,320,0.05823475887170155,tiny_mlp,42,0.9992801932367149,0.9961429705689422,404
Phylum,2,5495,320,0.05823475887170155,tiny_mlp,123,0.9996231884057971,0.9966927951698057,404
Phylum,2,5495,320,0.05823475887170155,tiny_mlp,7,0.9991859903381642,0.9962885772638286,404
Phylum,2,5495,320,0.05823475887170155,tiny_mlp,13,0.9995356280193237,0.9956117187240767,404
Phylum,2,5495,320,0.05823475887170155,tiny_mlp,21,0.9997711352657005,0.9974058982077115,404
Phylum,3,5500,320,0.05818181818181818,tiny_mlp,42,0.9990100144787646,0.9860302820641378,404
Phylum,3,5500,320,0.05818181818181818,tiny_mlp,123,0.9986655405405405,0.9810018801740082,404
Phylum,3,5500,320,0.05818181818181818,tiny_mlp,7,0.999055863899614,0.9870894715909436,404
Phylum,3,5500,320,0.05818181818181818,tiny_mlp,13,0.9873715009652511,0.8717143602017977,404
Phylum,3,5500,320,0.05818181818181818,tiny_mlp,21,0.9987186293436293,0.9839618174630365,404
Phylum,4,5306,310,0.058424425179042595,tiny_mlp,42,0.9991083189131951,0.9862421689699752,404
Phylum,4,5306,310,0.058424425179042595,tiny_mlp,123,0.9989204266639119,0.9846907511371666,404
Phylum,4,5306,310,0.058424425179042595,tiny_mlp,7,0.9990566646865879,0.9856774889337091,404
Phylum,4,5306,310,0.058424425179042595,tiny_mlp,13,0.9986628012087089,0.9812164001206588,404
Phylum,4,5306,310,0.058424425179042595,tiny_mlp,21,0.9990908856117152,0.9866350731434617,404
Novelty,0,5471,320,0.058490221166148784,tiny_mlp,42,0.9999235585323238,0.998729114473793,404
Novelty,0,5471,320,0.058490221166148784,tiny_mlp,123,0.9998865511551156,0.9981376400028574,404
Novelty,0,5471,320,0.058490221166148784,tiny_mlp,7,0.9999271986022131,0.9987964833132794,404
Novelty,0,5471,320,0.058490221166148784,tiny_mlp,13,0.9985967530576586,0.9747453097128059,404
Novelty,0,5471,320,0.058490221166148784,tiny_mlp,21,0.9998719908755581,0.9978609354924037,404
Novelty,1,5476,320,0.05843681519357195,tiny_mlp,42,0.9995030062063615,0.991888620155489,404
Novelty,1,5476,320,0.05843681519357195,tiny_mlp,123,0.9991514740108611,0.9859762107560752,404
Novelty,1,5476,320,0.05843681519357195,tiny_mlp,7,0.9994672468968192,0.991326154396864,404
Novelty,1,5476,320,0.05843681519357195,tiny_mlp,13,0.9979817203258339,0.9674933572289308,404
Novelty,1,5476,320,0.05843681519357195,tiny_mlp,21,0.9995575543056633,0.9929862353527155,404
Novelty,2,5495,320,0.05823475887170155,tiny_mlp,42,0.9999933574879227,0.9998939015300365,404
Novelty,2,5495,320,0.05823475887170155,tiny_mlp,123,0.9999855072463767,0.9997698500368655,404
Novelty,2,5495,320,0.05823475887170155,tiny_mlp,7,0.9999939613526568,0.9999047480528116,404
Novelty,2,5495,320,0.05823475887170155,tiny_mlp,13,0.9999909420289855,0.9998553110284507,404
Novelty,2,5495,320,0.05823475887170155,tiny_mlp,21,0.9999951690821256,0.9999225341696534,404
Novelty,3,5500,320,0.05818181818181818,tiny_mlp,42,0.9998449565637066,0.9975085194716896,404
Novelty,3,5500,320,0.05818181818181818,tiny_mlp,123,0.9997484314671814,0.9957335220358592,404
Novelty,3,5500,320,0.05818181818181818,tiny_mlp,7,0.9998811534749035,0.9980627915476372,404
Novelty,3,5500,320,0.05818181818181818,tiny_mlp,13,0.9973684845559846,0.9648167606361322,404
Novelty,3,5500,320,0.05818181818181818,tiny_mlp,21,0.9998570222007722,0.9976697083272391,404
Novelty,4,5306,310,0.058424425179042595,tiny_mlp,42,0.9995790180531522,0.99491809795618,404
Novelty,4,5306,310,0.058424425179042595,tiny_mlp,123,0.9994292207959917,0.99275102112748,404
Novelty,4,5306,310,0.058424425179042595,tiny_mlp,7,0.9997507683566209,0.996313273876872,404
Novelty,4,5306,310,0.058424425179042595,tiny_mlp,13,0.999595159998967,0.9951043271522204,404
Novelty,4,5306,310,0.058424425179042595,tiny_mlp,21,0.9997275239546476,0.9960460286537438,404
Noise,0,5471,320,0.058490221166148784,tiny_mlp,42,0.9999842263638128,0.9997503467042606,404
Noise,0,5471,320,0.058490221166148784,tiny_mlp,123,0.9998871578334304,0.9982539120117073,404
Noise,0,5471,320,0.058490221166148784,tiny_mlp,7,0.9999793729372938,0.9996739705500388,404
Noise,0,5471,320,0.058490221166148784,tiny_mlp,13,0.9994212288875947,0.9890672207836219,404
Noise,0,5471,320,0.058490221166148784,tiny_mlp,21,0.9999854397204426,0.9997688247608513,404
Noise,1,5476,320,0.05843681519357195,tiny_mlp,42,0.9995951318851823,0.9931164871675134,404
Noise,1,5476,320,0.05843681519357195,tiny_mlp,123,0.9994836113266097,0.9906152031088432,404
Noise,1,5476,320,0.05843681519357195,tiny_mlp,7,0.9997733223429014,0.9963085054963451,404
Noise,1,5476,320,0.05843681519357195,tiny_mlp,13,0.9992151134600465,0.9867130178283793,404
Noise,1,5476,320,0.05843681519357195,tiny_mlp,21,0.9998036268425134,0.9967071398797329,404
Noise,2,5495,320,0.05823475887170155,tiny_mlp,42,1.0,0.9999999999999999,404
Noise,2,5495,320,0.05823475887170155,tiny_mlp,123,1.0,0.9999999999999999,404
Noise,2,5495,320,0.05823475887170155,tiny_mlp,7,1.0,1.0,404
Noise,2,5495,320,0.05823475887170155,tiny_mlp,13,0.9999999999999999,1.0,404
Noise,2,5495,320,0.05823475887170155,tiny_mlp,21,1.0,1.0,404
Noise,3,5500,320,0.05818181818181818,tiny_mlp,42,0.9999819015444015,0.9997002252688785,404
Noise,3,5500,320,0.05818181818181818,tiny_mlp,123,0.9997333494208495,0.9953292204165709,404
Noise,3,5500,320,0.05818181818181818,tiny_mlp,7,0.9999831081081082,0.9997233821828533,404
Noise,3,5500,320,0.05818181818181818,tiny_mlp,13,0.9994298986486486,0.9914104758617193,404
Noise,3,5500,320,0.05818181818181818,tiny_mlp,21,0.999706805019305,0.9951911056510462,404
Noise,4,5306,310,0.058424425179042595,tiny_mlp,42,0.9999509284847232,0.9991971115133038,404
Noise,4,5306,310,0.058424425179042595,tiny_mlp,123,0.9998669903664866,0.997786217889864,404
Noise,4,5306,310,0.058424425179042595,tiny_mlp,7,0.9999541568738862,0.9992541178281068,404
Noise,4,5306,310,0.058424425179042595,tiny_mlp,13,0.9999192902709264,0.9987433429305053,404
Noise,4,5306,310,0.058424425179042595,tiny_mlp,21,0.9999548025517188,0.999274033087417,404
